source_path,shadow_path,size_bytes,sha1,tracked_source,tracked_shadow
.gitignore,_release_staging/CapsuleWardrobeRAG/.gitignore,845,f812f223b7f15382fed281c12a007ca4e30a6b80,True,False
02_wardrobe_images/andreas/2025 06 Luxor Businesshemd  modern fit Global Kent Bleu/2025 06 Luxor Businesshemd  modern fit Global Kent Bleu.txt,_release_staging/CapsuleWardrobeRAG/02_wardrobe_images/andreas/2025 06 Luxor Businesshemd  modern fit Global Kent Bleu/2025 06 Luxor Businesshemd  modern fit Global Kent Bleu.txt,789,0e0a55c6db6806802dcfd7ce89405a30932003a3,False,False
02_wardrobe_images/andreas/Pailletten Jacket/Pailletten Jacket.txt,_release_staging/CapsuleWardrobeRAG/02_wardrobe_images/andreas/Pailletten Jacket/Pailletten Jacket.txt,2299,2e3b0810852d15511b1c6f89617cf9f62d6ef72a,False,False
02_wardrobe_images/karen/01 Sandalen von der Marke Tamaris Rot/Sandalen von der Marke Tamaris.txt,_release_staging/CapsuleWardrobeRAG/02_wardrobe_images/karen/01 Sandalen von der Marke Tamaris Rot/Sandalen von der Marke Tamaris.txt,441,a21b846c7958b52f0b745c8bed20bc1930f26d4b,False,False
02_wardrobe_images/karen/02 Sandalen von der Marke Tamaris Blau/Sandalen von der Marke Tamaris Blau.txt,_release_staging/CapsuleWardrobeRAG/02_wardrobe_images/karen/02 Sandalen von der Marke Tamaris Blau/Sandalen von der Marke Tamaris Blau.txt,577,1a6913dcf352fb8c3145367ce13724ac833bced4,False,False
02_wardrobe_images/karen/03 flachen Pumps mit Keilabsatz Tamaris SChwarz/flachen Pumps mit Keilabsatz Tamaris SChwarz.txt,_release_staging/CapsuleWardrobeRAG/02_wardrobe_images/karen/03 flachen Pumps mit Keilabsatz Tamaris SChwarz/flachen Pumps mit Keilabsatz Tamaris SChwarz.txt,611,5b2e3772d7213d8b4413ef64b9fa4e9b45ca6dd0,False,False
02_wardrobe_images/karen/04 flachen Pumps mit Keilabsatz Tamaris beige-nude/flachen Pumps mit Keilabsatz Tamaris beige-nude.txt,_release_staging/CapsuleWardrobeRAG/02_wardrobe_images/karen/04 flachen Pumps mit Keilabsatz Tamaris beige-nude/flachen Pumps mit Keilabsatz Tamaris beige-nude.txt,484,d6a13c3647f8f6dfd339d86cbe817b5470e96dfe,False,False
02_wardrobe_images/karen/05 flachen Pump mit einem Keilabsatz Tamaris/05 flachen Pump mit einem Keilabsatz Tamaris.txt,_release_staging/CapsuleWardrobeRAG/02_wardrobe_images/karen/05 flachen Pump mit einem Keilabsatz Tamaris/05 flachen Pump mit einem Keilabsatz Tamaris.txt,741,f8fddb2d67de16640c021540820faedbd504a1bf,False,False
02_wardrobe_images/karen/06 hohe Pumps ist von Tamaris aus der Serie Heart/06 hohe Pumps ist von Tamaris aus der Serie Heart.txt,_release_staging/CapsuleWardrobeRAG/02_wardrobe_images/karen/06 hohe Pumps ist von Tamaris aus der Serie Heart/06 hohe Pumps ist von Tamaris aus der Serie Heart.txt,1223,dabfa94468d7f4df9a39dc01f448196e9f3272dd,False,False
02_wardrobe_images/karen/07 hohe Pumps ist von Tamaris aus der Serie Heart schwarz/07 hohe Pumps ist von Tamaris aus der Serie Heart schwarz.txt,_release_staging/CapsuleWardrobeRAG/02_wardrobe_images/karen/07 hohe Pumps ist von Tamaris aus der Serie Heart schwarz/07 hohe Pumps ist von Tamaris aus der Serie Heart schwarz.txt,938,40a925967d3181eadb3f02848ae1e46a6557ae54,False,False
02_wardrobe_images/karen/08 Tanzschuh für die Tanzschule/08 Tanzschuh für die Tanzschule.txt,_release_staging/CapsuleWardrobeRAG/02_wardrobe_images/karen/08 Tanzschuh für die Tanzschule/08 Tanzschuh für die Tanzschule.txt,1257,1cb5864f20e82fb75d27fa4e4184442bb4eec9f9,False,False
02_wardrobe_images/karen/09 Manolo Blanik/09 Manolo Blanik.txt,_release_staging/CapsuleWardrobeRAG/02_wardrobe_images/karen/09 Manolo Blanik/09 Manolo Blanik.txt,1029,94eeaa1ec6a8c676776cfae1f3e7478876e46d93,False,False
02_wardrobe_images/karen/13 Sandale mit Open Toe und Riemchen/13 Sandale mit Open Toe und Riemchen.txt,_release_staging/CapsuleWardrobeRAG/02_wardrobe_images/karen/13 Sandale mit Open Toe und Riemchen/13 Sandale mit Open Toe und Riemchen.txt,0,da39a3ee5e6b4b0d3255bfef95601890afd80709,False,False
02_wardrobe_images/karen/14 sportlichen Schuh der Firma Adidas/14 sportlichen Schuh der Firma Adidas.txt,_release_staging/CapsuleWardrobeRAG/02_wardrobe_images/karen/14 sportlichen Schuh der Firma Adidas/14 sportlichen Schuh der Firma Adidas.txt,1481,c864bb062530947a2d0e557edd96af4e64619d30,False,False
02_wardrobe_images/karen/15 pinken Sneakern von der Marke Skechers/15 pinken Sneakern von der Marke Skechers.txt,_release_staging/CapsuleWardrobeRAG/02_wardrobe_images/karen/15 pinken Sneakern von der Marke Skechers/15 pinken Sneakern von der Marke Skechers.txt,1179,b193ded4e700e01c8146364162838fdf844434d8,False,False
02_wardrobe_images/karen/16 dunkelrosa Sneaker Marke Adidas/16 dunkelrosa Sneaker Marke Adidas.txt,_release_staging/CapsuleWardrobeRAG/02_wardrobe_images/karen/16 dunkelrosa Sneaker Marke Adidas/16 dunkelrosa Sneaker Marke Adidas.txt,1354,e06ddfe25f1d620533d4ab3bd38c3a0b95c699f6,False,False
02_wardrobe_images/karen/17 Sneaker in Neonorange Marke Skechers/17 Sneaker in Neonorange Marke Skechers.txt,_release_staging/CapsuleWardrobeRAG/02_wardrobe_images/karen/17 Sneaker in Neonorange Marke Skechers/17 Sneaker in Neonorange Marke Skechers.txt,934,6f55c24701027ba523e5e9d0efaf9cfc326a2664,False,False
02_wardrobe_images/karen/18 Tennisschuh der Firma Asics/18 Tennisschuh der Firma Asics.txt,_release_staging/CapsuleWardrobeRAG/02_wardrobe_images/karen/18 Tennisschuh der Firma Asics/18 Tennisschuh der Firma Asics.txt,836,93dcc46a10d64b55bec55622fe1c5056be853a65,False,False
02_wardrobe_images/karen/19 Firma Salomon Spezialschuh Querfeldeinläufe/19 Firma Salomon Spezialschuh Querfeldeinläufe.txt,_release_staging/CapsuleWardrobeRAG/02_wardrobe_images/karen/19 Firma Salomon Spezialschuh Querfeldeinläufe/19 Firma Salomon Spezialschuh Querfeldeinläufe.txt,0,da39a3ee5e6b4b0d3255bfef95601890afd80709,False,False
02_wardrobe_images/karen/20 Marke Asics Sportschuh/20 Marke Asics Sportschuh.txt,_release_staging/CapsuleWardrobeRAG/02_wardrobe_images/karen/20 Marke Asics Sportschuh/20 Marke Asics Sportschuh.txt,1257,6c38adaa845b1b5d4bed16a2c5f0e650aef9a049,False,False
02_wardrobe_images/karen/21 Sneaker Michael Kors Dunkelbraun/21 Sneaker Michael Kors Dunkelbraun.txt,_release_staging/CapsuleWardrobeRAG/02_wardrobe_images/karen/21 Sneaker Michael Kors Dunkelbraun/21 Sneaker Michael Kors Dunkelbraun.txt,2053,6f894ea3a99407079729621aa25d178fc36047c1,False,False
02_wardrobe_images/karen/22 Sneaker Michael Kors Gold/22 Sneaker Michael Kors Gold.txt,_release_staging/CapsuleWardrobeRAG/02_wardrobe_images/karen/22 Sneaker Michael Kors Gold/22 Sneaker Michael Kors Gold.txt,2360,30fc18a7412144f04890013b9e9f37145c1b9495,False,False
02_wardrobe_images/karen/23 Sneaker Adidas Veloursleder/23 Sneaker Adidas Veloursleder.txt,_release_staging/CapsuleWardrobeRAG/02_wardrobe_images/karen/23 Sneaker Adidas Veloursleder/23 Sneaker Adidas Veloursleder.txt,1531,bf75c934d35413550f469351c8b143245ab37eb8,False,False
02_wardrobe_images/karen/24 Sneaker Firma Adidas Größe US 8/24 Sneaker Firma Adidas Größe US 8.txt,_release_staging/CapsuleWardrobeRAG/02_wardrobe_images/karen/24 Sneaker Firma Adidas Größe US 8/24 Sneaker Firma Adidas Größe US 8.txt,759,d78b498903dc96be29d4651b641ed3e133c1b064,False,False
02_wardrobe_images/karen/25 Tamaris Winterstiefel/25 Tamaris Winterstiefel.txt,_release_staging/CapsuleWardrobeRAG/02_wardrobe_images/karen/25 Tamaris Winterstiefel/25 Tamaris Winterstiefel.txt,3638,f603ff10c194a0189ccc8c6cab44ec7948dbeff2,False,False
02_wardrobe_images/karen/26 Firma Trippen schwarzes LEder/26 Firma Trippen schwarzes LEder.txt,_release_staging/CapsuleWardrobeRAG/02_wardrobe_images/karen/26 Firma Trippen schwarzes LEder/26 Firma Trippen schwarzes LEder.txt,1580,4540357b8952ebdc2923cceadc0479f732bcd3a1,False,False
02_wardrobe_images/karen/27 Stiefelette von Post Excellence/27 Stiefelette von Post Excellence.txt,_release_staging/CapsuleWardrobeRAG/02_wardrobe_images/karen/27 Stiefelette von Post Excellence/27 Stiefelette von Post Excellence.txt,0,da39a3ee5e6b4b0d3255bfef95601890afd80709,False,False
02_wardrobe_images/karen/28 Stiefel Beige Knöchelhoch/28 Stiefel Beige Knöchelhoch.txt,_release_staging/CapsuleWardrobeRAG/02_wardrobe_images/karen/28 Stiefel Beige Knöchelhoch/28 Stiefel Beige Knöchelhoch.txt,0,da39a3ee5e6b4b0d3255bfef95601890afd80709,False,False
02_wardrobe_images/karen/29 Cowboy-Boot in Mittelbraun/29 Cowboy-Boot in Mittelbraun.txt,_release_staging/CapsuleWardrobeRAG/02_wardrobe_images/karen/29 Cowboy-Boot in Mittelbraun/29 Cowboy-Boot in Mittelbraun.txt,1117,f97f74a661b057d229c6d1386826b82ae05fbcdc,False,False
02_wardrobe_images/karen/30 klassische Stiefelette mit seitlichem Reißverschluss/30 klassische Stiefelette mit seitlichem Reißverschluss.txt,_release_staging/CapsuleWardrobeRAG/02_wardrobe_images/karen/30 klassische Stiefelette mit seitlichem Reißverschluss/30 klassische Stiefelette mit seitlichem Reißverschluss.txt,901,7e6250c9ce279da799aa680ff0a216a116974242,False,False
02_wardrobe_images/karen/31 Timberland Winterstiefel/31 Timberland Winterstiefel.txt,_release_staging/CapsuleWardrobeRAG/02_wardrobe_images/karen/31 Timberland Winterstiefel/31 Timberland Winterstiefel.txt,1994,792875299131da37107c4ffa4950833373635924,False,False
02_wardrobe_images/karen/32 Puma Sneaker beige/32 Puma Sneaker beige.txt,_release_staging/CapsuleWardrobeRAG/02_wardrobe_images/karen/32 Puma Sneaker beige/32 Puma Sneaker beige.txt,1248,3082e0b4364232da219b536ee2c7418ce5d9f8c0,False,False
02_wardrobe_images/karen/34 Trippen Sommerscuh Rot/34 Trippen Sommerscuh Rot.txt,_release_staging/CapsuleWardrobeRAG/02_wardrobe_images/karen/34 Trippen Sommerscuh Rot/34 Trippen Sommerscuh Rot.txt,1344,99d9f410aa0f7ff1c0823ffae46bb9dc8cea23ec,False,False
02_wardrobe_images/karen/Bodycon Dress aus der Marks Spencer Collection in der UK-Größe 18/Bodycon Dress aus der Marks Spencer Collection in der UK-Größe 18.txt,_release_staging/CapsuleWardrobeRAG/02_wardrobe_images/karen/Bodycon Dress aus der Marks Spencer Collection in der UK-Größe 18/Bodycon Dress aus der Marks Spencer Collection in der UK-Größe 18.txt,2095,d559e69873a1bb68dd89cd51e18e7b766d507690,False,False
02_wardrobe_images/karen/Brosche von Swarovski/Brosche von Swarovski.txt,_release_staging/CapsuleWardrobeRAG/02_wardrobe_images/karen/Brosche von Swarovski/Brosche von Swarovski.txt,1789,65f5baaf1ad71689ea4ee9c813fde27a3add2674,False,False
02_wardrobe_images/karen/Etuikleid von der Firma Hess Natur/Etuikleid von der Firma Hess Natur.txt,_release_staging/CapsuleWardrobeRAG/02_wardrobe_images/karen/Etuikleid von der Firma Hess Natur/Etuikleid von der Firma Hess Natur.txt,1608,aec69a35a7fba28bbff022d48899e8805359eb00,False,False
02_wardrobe_images/karen/Hemdkleid  Shirtkleid lang fließend/Hemdkleid  Shirtkleid lang fließend.txt,_release_staging/CapsuleWardrobeRAG/02_wardrobe_images/karen/Hemdkleid  Shirtkleid lang fließend/Hemdkleid  Shirtkleid lang fließend.txt,925,0d524774035c90d96016f42a5bd44d04dfa3be30,False,False
02_wardrobe_images/karen/Kleid Polka Dots/Kleid Polka Dots.txt,_release_staging/CapsuleWardrobeRAG/02_wardrobe_images/karen/Kleid Polka Dots/Kleid Polka Dots.txt,342,a790adbd8358ac9d05b67f2485720c4b7fd3a6aa,False,False
02_wardrobe_images/karen/Kurzblazer mit Schmuckknöpfen - 951875/Kurzblazer mit Schmuckknöpfen - 951875.txt,_release_staging/CapsuleWardrobeRAG/02_wardrobe_images/karen/Kurzblazer mit Schmuckknöpfen - 951875/Kurzblazer mit Schmuckknöpfen - 951875.txt,75,4f72544c93290f3c6a3bc43a11f086d40c5ad135,False,False
02_wardrobe_images/karen/Kurzmantel von der Firma Hessnatur/Kurzmantel von der Firma Hessnatur.txt,_release_staging/CapsuleWardrobeRAG/02_wardrobe_images/karen/Kurzmantel von der Firma Hessnatur/Kurzmantel von der Firma Hessnatur.txt,2752,0b5040e6509464aeebb4c675267fd6cb42f3114f,False,False
02_wardrobe_images/karen/Lederrock aus Lammnappa - 908193/Lederrock aus Lammnappa - 908193.txt,_release_staging/CapsuleWardrobeRAG/02_wardrobe_images/karen/Lederrock aus Lammnappa - 908193/Lederrock aus Lammnappa - 908193.txt,68,57a4c39c457393ca1ee7c78e3d0b2467fa71c5ea,False,False
02_wardrobe_images/karen/Lederrock aus Lammnappa - 919772/Lederrock aus Lammnappa - 919772.txt,_release_staging/CapsuleWardrobeRAG/02_wardrobe_images/karen/Lederrock aus Lammnappa - 919772/Lederrock aus Lammnappa - 919772.txt,68,dd2a7812b178e7e4c5f1ab10a70c467c7403c209,False,False
02_wardrobe_images/karen/Mini-Jeans-Kleid/Mini-Jeans-Kleid.txt,_release_staging/CapsuleWardrobeRAG/02_wardrobe_images/karen/Mini-Jeans-Kleid/Mini-Jeans-Kleid.txt,1632,57b03dd86f5e33a00f65a0d0eb068ed49017a4c4,False,False
02_wardrobe_images/karen/Oversized Hemdkleid von der Firma Hess Natur aus der Kollektion Wunderkind/Oversized Hemdkleid von der Firma Hess Natur aus der Kollektion Wunderkind.txt,_release_staging/CapsuleWardrobeRAG/02_wardrobe_images/karen/Oversized Hemdkleid von der Firma Hess Natur aus der Kollektion Wunderkind/Oversized Hemdkleid von der Firma Hess Natur aus der Kollektion Wunderkind.txt,2435,2fc9e8d1cf31cd5d7f05af474d2ac3cd91a12bfb,False,False
02_wardrobe_images/karen/Schwarzes Shirt-Blusenkleid Hemd-Shirtkleid/Schwarzes Shirt-Blusenkleid Hemd-Shirtkleid.txt,_release_staging/CapsuleWardrobeRAG/02_wardrobe_images/karen/Schwarzes Shirt-Blusenkleid Hemd-Shirtkleid/Schwarzes Shirt-Blusenkleid Hemd-Shirtkleid.txt,2669,f80e0475a6f2d47a0ce6edd24ee524b37a879f32,False,False
02_wardrobe_images/karen/Shirt aus Modalmix cremeweiß/Shirt aus Modalmix cremeweiß.txt,_release_staging/CapsuleWardrobeRAG/02_wardrobe_images/karen/Shirt aus Modalmix cremeweiß/Shirt aus Modalmix cremeweiß.txt,1921,308c0320b9081c99939bf093cc1cebf6876f43fb,False,False
02_wardrobe_images/karen/Shirt aus Modalmix lila/Shirt aus Modalmix lila.txt,_release_staging/CapsuleWardrobeRAG/02_wardrobe_images/karen/Shirt aus Modalmix lila/Shirt aus Modalmix lila.txt,1909,7dad6477181a30b37274c794c4ded0fcd8c10146,False,False
02_wardrobe_images/karen/Shirt mit Volant sandfarben/Shirt mit Volant sandfarben.txt,_release_staging/CapsuleWardrobeRAG/02_wardrobe_images/karen/Shirt mit Volant sandfarben/Shirt mit Volant sandfarben.txt,1210,d7e113079c125bfca64d5316b20a73bf23d45688,False,False
02_wardrobe_images/karen/Strickpullover blau/Strickpullover blau.txt,_release_staging/CapsuleWardrobeRAG/02_wardrobe_images/karen/Strickpullover blau/Strickpullover blau.txt,1496,dc2c87dedef27e02823c4bf4244c7771077ef3bf,False,False
02_wardrobe_images/karen/Strickpullover cremeweiß/Strickpullover cremeweiß.txt,_release_staging/CapsuleWardrobeRAG/02_wardrobe_images/karen/Strickpullover cremeweiß/Strickpullover cremeweiß.txt,1461,720711651efce9041ef2da0174b261518fd58ab7,False,False
02_wardrobe_images/karen/Strickpullover dunkelblau/Strickpullover dunkelblau.txt,_release_staging/CapsuleWardrobeRAG/02_wardrobe_images/karen/Strickpullover dunkelblau/Strickpullover dunkelblau.txt,1463,8c9fd93ea7835ccb1f19b4786fd02b4bc2017e62,False,False
02_wardrobe_images/karen/Tanktop mit Vorderseite aus Lammnappa-Le - 976636/Tanktop mit Vorderseite aus Lammnappa-Le - 976636.txt,_release_staging/CapsuleWardrobeRAG/02_wardrobe_images/karen/Tanktop mit Vorderseite aus Lammnappa-Le - 976636/Tanktop mit Vorderseite aus Lammnappa-Le - 976636.txt,85,e8880eac4d65955fb90f9b28c52c838f2ed474de,False,False
02_wardrobe_images/karen/Tasche01/tasche01.txt,_release_staging/CapsuleWardrobeRAG/02_wardrobe_images/karen/Tasche01/tasche01.txt,1043,450affa4b9d26180f872e33583b0efeba6ed528e,False,False
02_wardrobe_images/karen/Tasche03/Tasche03.txt,_release_staging/CapsuleWardrobeRAG/02_wardrobe_images/karen/Tasche03/Tasche03.txt,2052,f2d4560b94d96ffd0483e06c7013dd2235b0ff89,False,False
02_wardrobe_images/karen/Trenchcoat mit Kapuze in der Farbe Olivgrün/Trenchcoat mit Kapuze in der Farbe Olivgrün.txt,_release_staging/CapsuleWardrobeRAG/02_wardrobe_images/karen/Trenchcoat mit Kapuze in der Farbe Olivgrün/Trenchcoat mit Kapuze in der Farbe Olivgrün.txt,2643,61a4bc31a74712eca9737c4452f0a44460ce4c32,False,False
02_wardrobe_images/karen/a-linien-webkleid-mit-zwei-volants_206/Webkleid mit zwei Volants in einem waschenden Blau.txt,_release_staging/CapsuleWardrobeRAG/02_wardrobe_images/karen/a-linien-webkleid-mit-zwei-volants_206/Webkleid mit zwei Volants in einem waschenden Blau.txt,1878,981d75c24fc359bc44487a9ee8fff7aba26d9a7f,False,False
02_wardrobe_images/karen/adidas-adilette-klassisch-noppen-fussbett_34/10 klassische Adiletten in Blau.txt,_release_staging/CapsuleWardrobeRAG/02_wardrobe_images/karen/adidas-adilette-klassisch-noppen-fussbett_34/10 klassische Adiletten in Blau.txt,807,805ec22f7ef0cca289b58bd559cdeca67340560f,False,False
02_wardrobe_images/karen/blusenkleid-mit-schluppenkragen-chillirot-968135/blusenkleid-mit-schluppenkragen-chillirot-968135.txt,_release_staging/CapsuleWardrobeRAG/02_wardrobe_images/karen/blusenkleid-mit-schluppenkragen-chillirot-968135/blusenkleid-mit-schluppenkragen-chillirot-968135.txt,943,a2e7b9f02bf9d55beb008c8763e412c275f2abf9,False,False
02_wardrobe_images/karen/blusenkleid-mit-schluppenkragen-schwarz-969830/blusenkleid-mit-schluppenkragen-schwarz-969830.txt,_release_staging/CapsuleWardrobeRAG/02_wardrobe_images/karen/blusenkleid-mit-schluppenkragen-schwarz-969830/blusenkleid-mit-schluppenkragen-schwarz-969830.txt,939,b4501c06a943da970e347394493a669f3f6e7f8d,False,False
02_wardrobe_images/karen/boucle-blazer-mit-dekorativen-knoepfen-dunkelblau-921827/boucle-blazer-mit-dekorativen-knoepfen-dunkelblau-921827.txt,_release_staging/CapsuleWardrobeRAG/02_wardrobe_images/karen/boucle-blazer-mit-dekorativen-knoepfen-dunkelblau-921827/boucle-blazer-mit-dekorativen-knoepfen-dunkelblau-921827.txt,958,88b8ea62022959169d5fe7c01139b5622ae4b2e8,False,False
02_wardrobe_images/karen/boucle-jacke-schwarz-928934/boucle-jacke-schwarz-928934.txt,_release_staging/CapsuleWardrobeRAG/02_wardrobe_images/karen/boucle-jacke-schwarz-928934/boucle-jacke-schwarz-928934.txt,625,efbe767d704dd92f293d5d49a88f81cbd93be0a5,False,False
02_wardrobe_images/karen/dunkelblaues-jeanskleid-in-a-linie-mit-langem-frontreissverschluss-und-bindeguertel_186/dunkelblaues Jeanskleid in A-Form von der Firma Shigo aus der Kollektion von Miyabi Kawai fü.txt,_release_staging/CapsuleWardrobeRAG/02_wardrobe_images/karen/dunkelblaues-jeanskleid-in-a-linie-mit-langem-frontreissverschluss-und-bindeguertel_186/dunkelblaues Jeanskleid in A-Form von der Firma Shigo aus der Kollektion von Miyabi Kawai fü.txt,3522,938bc875aedde84ab904fcd009caf971c45a1566,False,False
02_wardrobe_images/karen/etuikleid-aus-punto-di-roma-schwarz-wollweiss-meliert-914418/etuikleid-aus-punto-di-roma-schwarz-wollweiss-meliert-914418.txt,_release_staging/CapsuleWardrobeRAG/02_wardrobe_images/karen/etuikleid-aus-punto-di-roma-schwarz-wollweiss-meliert-914418/etuikleid-aus-punto-di-roma-schwarz-wollweiss-meliert-914418.txt,906,39295b73774574eb3413a135c748364debc97c94,False,False
02_wardrobe_images/karen/faltenrock-aus-softem-viskosemix-erdbeere-940297/faltenrock-aus-softem-viskosemix-erdbeere-940297.txt,_release_staging/CapsuleWardrobeRAG/02_wardrobe_images/karen/faltenrock-aus-softem-viskosemix-erdbeere-940297/faltenrock-aus-softem-viskosemix-erdbeere-940297.txt,619,a4bfc1b93267ace8f5ace04e695801fbed9833ba,False,False
02_wardrobe_images/karen/firmen-ansteckpin-zeiss-blau-weiss-klein_128/schmuck42.txt,_release_staging/CapsuleWardrobeRAG/02_wardrobe_images/karen/firmen-ansteckpin-zeiss-blau-weiss-klein_128/schmuck42.txt,1295,bdebe55fc3a4e72a0f1342144d1bbc31dd2e4003,False,False
02_wardrobe_images/karen/fliederfarbenes Mibi-Kleid/fliederfarbenes Mibi-Kleid.txt,_release_staging/CapsuleWardrobeRAG/02_wardrobe_images/karen/fliederfarbenes Mibi-Kleid/fliederfarbenes Mibi-Kleid.txt,1920,a30b61054a68441285169319c498e4702a93221e,False,False
02_wardrobe_images/karen/gedrehtes-satin-headband-mit-flachem-knoten-animal-print_98/schmuck12.txt,_release_staging/CapsuleWardrobeRAG/02_wardrobe_images/karen/gedrehtes-satin-headband-mit-flachem-knoten-animal-print_98/schmuck12.txt,688,8da1152df481a9bc87a752f6c3788e3734d0472c,False,False
02_wardrobe_images/karen/gedrehtes-satin-headband-mit-knoten-tulpen-print-dunkelblau_96/schmuck10.txt,_release_staging/CapsuleWardrobeRAG/02_wardrobe_images/karen/gedrehtes-satin-headband-mit-knoten-tulpen-print-dunkelblau_96/schmuck10.txt,742,4e9a69b9093fd5b4fcc95ee2624beefe48aa5ef2,False,False
02_wardrobe_images/karen/gepolsterter-headband-mit-glitzer-schnalle_78/schmuck03.txt,_release_staging/CapsuleWardrobeRAG/02_wardrobe_images/karen/gepolsterter-headband-mit-glitzer-schnalle_78/schmuck03.txt,631,f681d883f984351882eaba80d74b12e687f615b5,False,False
02_wardrobe_images/karen/hellblaues-wadenlanges-hemdblusenkleid-aus-baumwolle-mit-stoffguertel_189/hellblaues Kleid wadenlang von der Firma Hess Natur aus der Kollektion Wunderkind.txt,_release_staging/CapsuleWardrobeRAG/02_wardrobe_images/karen/hellblaues-wadenlanges-hemdblusenkleid-aus-baumwolle-mit-stoffguertel_189/hellblaues Kleid wadenlang von der Firma Hess Natur aus der Kollektion Wunderkind.txt,1857,470a21eda02f7b7a8166b96eb7b1e7b97689964c,False,False
02_wardrobe_images/karen/jackett-wickelkleid-mit-blazerkragen-und-bindeguertel_191/Jackett-Kleid von der Firma Chico aus der Kollektion von Miyabi Kawaii.txt,_release_staging/CapsuleWardrobeRAG/02_wardrobe_images/karen/jackett-wickelkleid-mit-blazerkragen-und-bindeguertel_191/Jackett-Kleid von der Firma Chico aus der Kollektion von Miyabi Kawaii.txt,3185,dc4e38ace2fde927bef8eed292af4472f5a12ea9,False,False
02_wardrobe_images/karen/knielanges Bodycon-Dress von der Firma Marks Spencer aus der Collection/knielanges Bodycon-Dress von der Firma Marks Spencer aus der Collection.txt,_release_staging/CapsuleWardrobeRAG/02_wardrobe_images/karen/knielanges Bodycon-Dress von der Firma Marks Spencer aus der Collection/knielanges Bodycon-Dress von der Firma Marks Spencer aus der Collection.txt,1975,73d1cd9b8a4d28e55f3317f9ded0e9b35ddf41aa,False,False
02_wardrobe_images/karen/knielanges Kleid in den Grundfarben schwarz und gelb bedruckt mit Blüten/knielanges Kleid in den Grundfarben schwarz und gelb bedruckt mit Blüten.txt,_release_staging/CapsuleWardrobeRAG/02_wardrobe_images/karen/knielanges Kleid in den Grundfarben schwarz und gelb bedruckt mit Blüten/knielanges Kleid in den Grundfarben schwarz und gelb bedruckt mit Blüten.txt,2519,d13a6c91aaebabfeda26c6fd3697b61d016ddf97,False,False
02_wardrobe_images/karen/knielanges Kleid von der Firma Hess Natur aus der Kollektion Wunderkind/knielanges Kleid von der Firma Hess Natur aus der Kollektion Wunderkind.txt,_release_staging/CapsuleWardrobeRAG/02_wardrobe_images/karen/knielanges Kleid von der Firma Hess Natur aus der Kollektion Wunderkind/knielanges Kleid von der Firma Hess Natur aus der Kollektion Wunderkind.txt,1901,ce1d719fdb46d86fd07e7bd6de53e1c04643fff0,False,False
02_wardrobe_images/karen/knotted-headband-aus-satiniertem-stoff-in-rosa_95/schmuck09.txt,_release_staging/CapsuleWardrobeRAG/02_wardrobe_images/karen/knotted-headband-aus-satiniertem-stoff-in-rosa_95/schmuck09.txt,508,2a213a99ce1169498b1993e58fb7b5cae387f84c,False,False
02_wardrobe_images/karen/kurzes Paillettenkleid in der Farbe Schwarz/kurzes Paillettenkleid in der Farbe Schwarz.txt,_release_staging/CapsuleWardrobeRAG/02_wardrobe_images/karen/kurzes Paillettenkleid in der Farbe Schwarz/kurzes Paillettenkleid in der Farbe Schwarz.txt,1393,1f8c711c838d4098054000d19288a597a19addf1,False,False
02_wardrobe_images/karen/kurzes olivfarbiges Kunstlederkleid von der Firma Samoon/kurzes olivfarbiges Kunstlederkleid von der Firma Samoon.txt,_release_staging/CapsuleWardrobeRAG/02_wardrobe_images/karen/kurzes olivfarbiges Kunstlederkleid von der Firma Samoon/kurzes olivfarbiges Kunstlederkleid von der Firma Samoon.txt,1904,324b614aa17d7f7cf4cd8f49ac02785d723c2959,False,False
02_wardrobe_images/karen/lederarmband-mit-schleifen-schliesse_149/schmuck63.txt,_release_staging/CapsuleWardrobeRAG/02_wardrobe_images/karen/lederarmband-mit-schleifen-schliesse_149/schmuck63.txt,1008,34b30aee04fb3e79d5c0158a19c6f0922bf13b43,False,False
02_wardrobe_images/karen/leinen-schlupfbluse-mit-puffaermeln_201/Schlupfbluse Bluse Top.txt,_release_staging/CapsuleWardrobeRAG/02_wardrobe_images/karen/leinen-schlupfbluse-mit-puffaermeln_201/Schlupfbluse Bluse Top.txt,895,9ad0945c0d4a1a2ee057399ff14087b843f1c8c4,False,False
02_wardrobe_images/karen/marlenehose-dunkelblau-913588/marlenehose-dunkelblau-913588.txt,_release_staging/CapsuleWardrobeRAG/02_wardrobe_images/karen/marlenehose-dunkelblau-913588/marlenehose-dunkelblau-913588.txt,523,e2d4d7a80a76bd2607271bc3ece62a5467c58872,False,False
02_wardrobe_images/karen/midikleid-in-beige-mit-animal-print-v-ausschnitt-3-4-arm-stufenrock-empire-nahe-taille_205/wadenlanges Kleid in der Grundfarbe Beige mit einem Tierfellprint.txt,_release_staging/CapsuleWardrobeRAG/02_wardrobe_images/karen/midikleid-in-beige-mit-animal-print-v-ausschnitt-3-4-arm-stufenrock-empire-nahe-taille_205/wadenlanges Kleid in der Grundfarbe Beige mit einem Tierfellprint.txt,1939,a993494035a74c4748b929d682fd54c40ffc123a,False,False
02_wardrobe_images/karen/navy-leather-boat-shoe-mit-heller-gummisohle_35/11 klassischen Bootsschuh mit flacher Gummisohle.txt,_release_staging/CapsuleWardrobeRAG/02_wardrobe_images/karen/navy-leather-boat-shoe-mit-heller-gummisohle_35/11 klassischen Bootsschuh mit flacher Gummisohle.txt,998,e8bf9df640b07b8003d8b2706d060b90f300e1db,False,False
02_wardrobe_images/karen/oversize-shirt-aus-softem-viskose-mix-weiss-923233/oversize-shirt-aus-softem-viskose-mix-weiss-923233.txt,_release_staging/CapsuleWardrobeRAG/02_wardrobe_images/karen/oversize-shirt-aus-softem-viskose-mix-weiss-923233/oversize-shirt-aus-softem-viskose-mix-weiss-923233.txt,456,63cbcd9161fc861ac69b238189086d5c3dfb9d04,False,False
02_wardrobe_images/karen/poncho-cape-mit-fransen_200/Poncho Cape jackenähnlich mit Fransen.txt,_release_staging/CapsuleWardrobeRAG/02_wardrobe_images/karen/poncho-cape-mit-fransen_200/Poncho Cape jackenähnlich mit Fransen.txt,748,e569a172edd455ff2fe53036ad46b44f9bf5519d,False,False
02_wardrobe_images/karen/roeckl-lederhandschuhe-cashmere-futter-gr-7-5_105/schmuck19.txt,_release_staging/CapsuleWardrobeRAG/02_wardrobe_images/karen/roeckl-lederhandschuhe-cashmere-futter-gr-7-5_105/schmuck19.txt,531,3beb0fa0519bbcabd838fbd3e63212b809cae38b,False,False
02_wardrobe_images/karen/roeckl-lederhandschuhe-weinrot-burgunder_104/schmuck18.txt,_release_staging/CapsuleWardrobeRAG/02_wardrobe_images/karen/roeckl-lederhandschuhe-weinrot-burgunder_104/schmuck18.txt,1410,c06941a2021d84e13d173f1c84af1af7fa1be828,False,False
02_wardrobe_images/karen/satin-knot-headband-mit-tulpenprint-nude_97/schmuck11.txt,_release_staging/CapsuleWardrobeRAG/02_wardrobe_images/karen/satin-knot-headband-mit-tulpenprint-nude_97/schmuck11.txt,756,0153802f745a59f8caf44fd29f1505fb04aa14dd,False,False
02_wardrobe_images/karen/satin-schleifen-haarspange-half-up-clip_80/schmuck05.txt,_release_staging/CapsuleWardrobeRAG/02_wardrobe_images/karen/satin-schleifen-haarspange-half-up-clip_80/schmuck05.txt,887,35467973cb9e736dfc62e5797915bf8fba71a285,False,False
02_wardrobe_images/karen/satin-schleifenclip-half-up-in-nude-hellbeige_92/schmuck06.txt,_release_staging/CapsuleWardrobeRAG/02_wardrobe_images/karen/satin-schleifenclip-half-up-in-nude-hellbeige_92/schmuck06.txt,639,4d180f39cc2871e5e37ab9fa7adb87def87b9af8,False,False
02_wardrobe_images/karen/schmuck01/schmuck01.txt,_release_staging/CapsuleWardrobeRAG/02_wardrobe_images/karen/schmuck01/schmuck01.txt,874,5102c33c78d424432faacec311b3f69883504bdd,False,False
02_wardrobe_images/karen/schmuck02/schmuck02.txt,_release_staging/CapsuleWardrobeRAG/02_wardrobe_images/karen/schmuck02/schmuck02.txt,831,beb2de389e7dcb474c4f93ddc4f56276bc5d23aa,False,False
02_wardrobe_images/karen/schmuck04/schmuck04.txt,_release_staging/CapsuleWardrobeRAG/02_wardrobe_images/karen/schmuck04/schmuck04.txt,770,10e54865120a38fae4bc2da2e6db1cd83cc1dfa3,False,False
02_wardrobe_images/karen/schmuck13/schmuck13.txt,_release_staging/CapsuleWardrobeRAG/02_wardrobe_images/karen/schmuck13/schmuck13.txt,531,b3e15b613ef171f54124172c6c943753e8094fbf,False,False
02_wardrobe_images/karen/schmuck14/schmuck14.txt,_release_staging/CapsuleWardrobeRAG/02_wardrobe_images/karen/schmuck14/schmuck14.txt,449,78f53620cfde9fd97ea3235958262e510aaa3405,False,False
02_wardrobe_images/karen/schmuck15/schmuck15.txt,_release_staging/CapsuleWardrobeRAG/02_wardrobe_images/karen/schmuck15/schmuck15.txt,383,8af1312cb8d1b1de001147307e25d5ff67d4c24a,False,False
02_wardrobe_images/karen/schmuck16/schmuck16.txt,_release_staging/CapsuleWardrobeRAG/02_wardrobe_images/karen/schmuck16/schmuck16.txt,423,8c30f519edb919914d7d753f2984f59166f14ccb,False,False
02_wardrobe_images/karen/schmuck17/schmuck17.txt,_release_staging/CapsuleWardrobeRAG/02_wardrobe_images/karen/schmuck17/schmuck17.txt,404,a7d3451174562649854d0e5157ec6c67731737cf,False,False
02_wardrobe_images/karen/schmuck20/schmuck20.txt,_release_staging/CapsuleWardrobeRAG/02_wardrobe_images/karen/schmuck20/schmuck20.txt,477,3af537c81192d30f3c87387bffcf0aea67cb465d,False,False
02_wardrobe_images/karen/schmuck21/schmuck21.txt,_release_staging/CapsuleWardrobeRAG/02_wardrobe_images/karen/schmuck21/schmuck21.txt,644,ebbd45a38d9786a0dc18a9d5fccd70a8602989f9,False,False
02_wardrobe_images/karen/schmuck22/schmuck22.txt,_release_staging/CapsuleWardrobeRAG/02_wardrobe_images/karen/schmuck22/schmuck22.txt,619,e4623a0df88ac3f2a63ba89f9abb21888bfd5f9e,False,False
02_wardrobe_images/karen/schmuck23/schmuck23.txt,_release_staging/CapsuleWardrobeRAG/02_wardrobe_images/karen/schmuck23/schmuck23.txt,551,fa61ab21f1d4819e1667e75091e24a11a6db2bea,False,False
02_wardrobe_images/karen/schmuck24/schmuck24.txt,_release_staging/CapsuleWardrobeRAG/02_wardrobe_images/karen/schmuck24/schmuck24.txt,1032,fe05d985d6bc7d0f3c85a38f84b59124e08ff9a3,False,False
02_wardrobe_images/karen/schmuck25/schmuck25.txt,_release_staging/CapsuleWardrobeRAG/02_wardrobe_images/karen/schmuck25/schmuck25.txt,598,24c6b2e133adc85c6b537d5c81d6c5da2ea5bc10,False,False
02_wardrobe_images/karen/schmuck26/schmuck26.txt,_release_staging/CapsuleWardrobeRAG/02_wardrobe_images/karen/schmuck26/schmuck26.txt,467,8223283bfe5f76bd3d08231d63d3184b8df8f52c,False,False
02_wardrobe_images/karen/schmuck27/schmuck27.txt,_release_staging/CapsuleWardrobeRAG/02_wardrobe_images/karen/schmuck27/schmuck27.txt,456,97500af3ef298076a5edd0458c4a64eeef6a92ac,False,False
02_wardrobe_images/karen/schmuck28/schmuck28.txt,_release_staging/CapsuleWardrobeRAG/02_wardrobe_images/karen/schmuck28/schmuck28.txt,1115,22c1ed2aebd8819f5c8a9c01428de18f5b5441d5,False,False
02_wardrobe_images/karen/schmuck29/schmuck29.txt,_release_staging/CapsuleWardrobeRAG/02_wardrobe_images/karen/schmuck29/schmuck29.txt,583,db34d2cc17f459461f6f5b7cf82b50bb5f942e36,False,False
02_wardrobe_images/karen/schmuck30/schmuck30.txt,_release_staging/CapsuleWardrobeRAG/02_wardrobe_images/karen/schmuck30/schmuck30.txt,2119,074b79add9dda643df14e97e9f20b16ca934573d,False,False
02_wardrobe_images/karen/schmuck31/schmuck31.txt,_release_staging/CapsuleWardrobeRAG/02_wardrobe_images/karen/schmuck31/schmuck31.txt,1891,25be92f85e0a2f457528a8b44e8e037137aa2e8a,False,False
02_wardrobe_images/karen/schmuck32/schmuck32.txt,_release_staging/CapsuleWardrobeRAG/02_wardrobe_images/karen/schmuck32/schmuck32.txt,1478,739baa69ab4b264c8c9c8d99086221d429a1afbf,False,False
02_wardrobe_images/karen/schmuck33/schmuck33.txt,_release_staging/CapsuleWardrobeRAG/02_wardrobe_images/karen/schmuck33/schmuck33.txt,2239,a54d220bbc494541ca1e7d5d85fa66481285dac5,False,False
02_wardrobe_images/karen/schmuck36/schmuck36.txt,_release_staging/CapsuleWardrobeRAG/02_wardrobe_images/karen/schmuck36/schmuck36.txt,1758,86064eded7821dfd9741ae51d6e56084e00c9f33,False,False
02_wardrobe_images/karen/schmuck37/schmuck37.txt,_release_staging/CapsuleWardrobeRAG/02_wardrobe_images/karen/schmuck37/schmuck37.txt,1763,a5ec31a6d7fd1c6c431a4856a4905df6794ea8d7,False,False
02_wardrobe_images/karen/schmuck38/schmuck38.txt,_release_staging/CapsuleWardrobeRAG/02_wardrobe_images/karen/schmuck38/schmuck38.txt,2031,89f72dce6f6dfabb39adf68f03e65d5001e38d63,False,False
02_wardrobe_images/karen/schmuck39/schmuck39.txt,_release_staging/CapsuleWardrobeRAG/02_wardrobe_images/karen/schmuck39/schmuck39.txt,2461,a76138f2ad78d89fe5a88aeff214d0f91612de6c,False,False
02_wardrobe_images/karen/schmuck40/schmuck40.txt,_release_staging/CapsuleWardrobeRAG/02_wardrobe_images/karen/schmuck40/schmuck40.txt,1812,7b389a80ccff7788cce2df7cf46c75729894141d,False,False
02_wardrobe_images/karen/schmuck41/schmuck41.txt,_release_staging/CapsuleWardrobeRAG/02_wardrobe_images/karen/schmuck41/schmuck41.txt,1996,76c5ce6777d691a621746154f7b0a3a60dfe8dd6,False,False
02_wardrobe_images/karen/schmuck43/schmuck43.txt,_release_staging/CapsuleWardrobeRAG/02_wardrobe_images/karen/schmuck43/schmuck43.txt,1474,9c2f65ed0311ce653dc3abebd643a224c55a787f,False,False
02_wardrobe_images/karen/schmuck44/schmuck44.txt,_release_staging/CapsuleWardrobeRAG/02_wardrobe_images/karen/schmuck44/schmuck44.txt,971,d904308be19ae1912d3766bef317e9ccf906b6c3,False,False
02_wardrobe_images/karen/schmuck45/schmuck45.txt,_release_staging/CapsuleWardrobeRAG/02_wardrobe_images/karen/schmuck45/schmuck45.txt,826,2c432d106144dff696a1ee370e05a88b3f000349,False,False
02_wardrobe_images/karen/schmuck46/schmuck46.txt,_release_staging/CapsuleWardrobeRAG/02_wardrobe_images/karen/schmuck46/schmuck46.txt,1432,57912fe049aba1370b22f348557db3e2bd5af3a6,False,False
02_wardrobe_images/karen/schmuck47/schmuck47.txt,_release_staging/CapsuleWardrobeRAG/02_wardrobe_images/karen/schmuck47/schmuck47.txt,2260,07d6a3d8df1e16cf0b3295c3741a7d8adb52ae07,False,False
02_wardrobe_images/karen/schmuck48/schmuck48.txt,_release_staging/CapsuleWardrobeRAG/02_wardrobe_images/karen/schmuck48/schmuck48.txt,1151,8d05b9a9c241806c33e6afdd931c69622694868c,False,False
02_wardrobe_images/karen/schmuck49/schmuck49.txt,_release_staging/CapsuleWardrobeRAG/02_wardrobe_images/karen/schmuck49/schmuck49.txt,941,c512b62c7e6ca9b57b8ab8b3fcbaba8965720a92,False,False
02_wardrobe_images/karen/schmuck50/schmuck50.txt,_release_staging/CapsuleWardrobeRAG/02_wardrobe_images/karen/schmuck50/schmuck50.txt,1343,b19189837252989492922a6715c4eff659bc286f,False,False
02_wardrobe_images/karen/schmuck51/schmuck51.txt,_release_staging/CapsuleWardrobeRAG/02_wardrobe_images/karen/schmuck51/schmuck51.txt,1125,ab7da49ff08b50da627b424f47df52f2264f8cd4,False,False
02_wardrobe_images/karen/schmuck52/schmuck52.txt,_release_staging/CapsuleWardrobeRAG/02_wardrobe_images/karen/schmuck52/schmuck52.txt,1866,f6b7613bcda101c4b6c5109af978c8d8829ae726,False,False
02_wardrobe_images/karen/schmuck53/schmuck53.txt,_release_staging/CapsuleWardrobeRAG/02_wardrobe_images/karen/schmuck53/schmuck53.txt,1102,bd73caaf4b8b24f5ee67360180a3d8e52e40ce0b,False,False
02_wardrobe_images/karen/schmuck54/schmuck54.txt,_release_staging/CapsuleWardrobeRAG/02_wardrobe_images/karen/schmuck54/schmuck54.txt,897,726d7e37397ca6c1a98c461fe9120802e74bca52,False,False
02_wardrobe_images/karen/schmuck55/schmuck55.txt,_release_staging/CapsuleWardrobeRAG/02_wardrobe_images/karen/schmuck55/schmuck55.txt,832,76cb33d0e1ba7bd0cd4b4a2a74a86eb67d2272fa,False,False
02_wardrobe_images/karen/schmuck57/schmuck57.txt,_release_staging/CapsuleWardrobeRAG/02_wardrobe_images/karen/schmuck57/schmuck57.txt,625,feb1112098761a9f6b06b1949ac2d77cfacc42e8,False,False
02_wardrobe_images/karen/schmuck58/schmuck58.txt,_release_staging/CapsuleWardrobeRAG/02_wardrobe_images/karen/schmuck58/schmuck58.txt,2966,f7fc157027e53eba0fb84612661e3fc8b2da7a45,False,False
02_wardrobe_images/karen/schmuck59/schmuck59.txt,_release_staging/CapsuleWardrobeRAG/02_wardrobe_images/karen/schmuck59/schmuck59.txt,515,7d81943877d3a1926fba2b2708ef1c5f9e632673,False,False
02_wardrobe_images/karen/schmuck60/schmuck60.txt,_release_staging/CapsuleWardrobeRAG/02_wardrobe_images/karen/schmuck60/schmuck60.txt,662,7ebba765ee99a39291e1ed56f8783d377707d68d,False,False
02_wardrobe_images/karen/schmuck61/schmuck61.txt,_release_staging/CapsuleWardrobeRAG/02_wardrobe_images/karen/schmuck61/schmuck61.txt,470,2d9dc1c1c0402191baa8a58cded615066aca3738,False,False
02_wardrobe_images/karen/schmuck62/schmuck62.txt,_release_staging/CapsuleWardrobeRAG/02_wardrobe_images/karen/schmuck62/schmuck62.txt,1732,a323fe5144de3bf5cbc67e9e7d7ef1c40b6cbcf9,False,False
02_wardrobe_images/karen/schmuck64/schmuck64.txt,_release_staging/CapsuleWardrobeRAG/02_wardrobe_images/karen/schmuck64/schmuck64.txt,1041,fff0f0e69d9703ec3540cd8c2245d7fd6e895a40,False,False
02_wardrobe_images/karen/schmuck66/schmuck66.txt,_release_staging/CapsuleWardrobeRAG/02_wardrobe_images/karen/schmuck66/schmuck66.txt,848,a3ffe5ed7b1bf1cc80852e9362bc913584ec03a8,False,False
02_wardrobe_images/karen/schmuck67/schmuck67.txt,_release_staging/CapsuleWardrobeRAG/02_wardrobe_images/karen/schmuck67/schmuck67.txt,1168,2eb8056694cd81cb17ce1e7696fe32164df07fd0,False,False
02_wardrobe_images/karen/schmuck68/schmuck68.txt,_release_staging/CapsuleWardrobeRAG/02_wardrobe_images/karen/schmuck68/schmuck68.txt,1061,b13cf524503ec33e49f77bd9112079174c54e302,False,False
02_wardrobe_images/karen/schmuck69/schmuck69.txt,_release_staging/CapsuleWardrobeRAG/02_wardrobe_images/karen/schmuck69/schmuck69.txt,856,a5b23332492a1fee90ad99732c02c74ec668bf66,False,False
02_wardrobe_images/karen/schmuck70/schmuck70.txt,_release_staging/CapsuleWardrobeRAG/02_wardrobe_images/karen/schmuck70/schmuck70.txt,880,3cf8e6f2aa0d40471308392b032372fe75ea3156,False,False
02_wardrobe_images/karen/schmuck71/schmuck71.txt,_release_staging/CapsuleWardrobeRAG/02_wardrobe_images/karen/schmuck71/schmuck71.txt,1489,14dbbd6d2dda4b546ea0c1530afc51179535e8e0,False,False
02_wardrobe_images/karen/schmuck72/schmuck72.txt,_release_staging/CapsuleWardrobeRAG/02_wardrobe_images/karen/schmuck72/schmuck72.txt,1140,95b4f6196e56fdb78f4e3f579446bf75f49bcceb,False,False
02_wardrobe_images/karen/schmuck73/schmuck73.txt,_release_staging/CapsuleWardrobeRAG/02_wardrobe_images/karen/schmuck73/schmuck73.txt,778,8ea8eafbf5b35a76ace434f12c122c57cdf7559a,False,False
02_wardrobe_images/karen/schmuck74/schmuck74.txt,_release_staging/CapsuleWardrobeRAG/02_wardrobe_images/karen/schmuck74/schmuck74.txt,1386,9006d9ad0c30fa2d9fad05f86bcea08735de4812,False,False
02_wardrobe_images/karen/schmuck75/schmuck75.txt,_release_staging/CapsuleWardrobeRAG/02_wardrobe_images/karen/schmuck75/schmuck75.txt,1157,3dba7eb8641e7957b87db14eee0ed8f13bac6086,False,False
02_wardrobe_images/karen/schmuck76/schmuck76.txt,_release_staging/CapsuleWardrobeRAG/02_wardrobe_images/karen/schmuck76/schmuck76.txt,833,e08720abe6ffe077e1b45db45656ae92b3743c33,False,False
02_wardrobe_images/karen/schmuck77/schmuck77.txt,_release_staging/CapsuleWardrobeRAG/02_wardrobe_images/karen/schmuck77/schmuck77.txt,778,b774b25e39269bacb223c49305156fa248c8858a,False,False
02_wardrobe_images/karen/schmuck78/schmuck78.txt,_release_staging/CapsuleWardrobeRAG/02_wardrobe_images/karen/schmuck78/schmuck78.txt,1148,925f3b75ba17cab5e676ac3c531bb4344165211e,False,False
02_wardrobe_images/karen/schmuck79/schmuck79.txt,_release_staging/CapsuleWardrobeRAG/02_wardrobe_images/karen/schmuck79/schmuck79.txt,1561,f440f35d19d2c52486e3cc5927b568cc5a2dddd9,False,False
02_wardrobe_images/karen/schmuck80/schmuck80.txt,_release_staging/CapsuleWardrobeRAG/02_wardrobe_images/karen/schmuck80/schmuck80.txt,847,38570643a9637e21ab823a4c0e4b6b47d0997019,False,False
02_wardrobe_images/karen/schmuck81/schmuck81.txt,_release_staging/CapsuleWardrobeRAG/02_wardrobe_images/karen/schmuck81/schmuck81.txt,1163,39234c78914c6efe5a078999590ced5796826e5d,False,False
02_wardrobe_images/karen/schmuck82/schmuck82.txt,_release_staging/CapsuleWardrobeRAG/02_wardrobe_images/karen/schmuck82/schmuck82.txt,1488,0b8e587cd977399cd18140d5ca31f6495fa5d011,False,False
02_wardrobe_images/karen/schmuck83/schmuck83.txt,_release_staging/CapsuleWardrobeRAG/02_wardrobe_images/karen/schmuck83/schmuck83.txt,996,6487c6532c09939c4c06845dc84dc05935befea8,False,False
02_wardrobe_images/karen/schmuck84/schmuck84.txt,_release_staging/CapsuleWardrobeRAG/02_wardrobe_images/karen/schmuck84/schmuck84.txt,877,e9ad762a5c2c0bd5ccd1af3353df964412a189f4,False,False
02_wardrobe_images/karen/schmuck85/schmuck85.txt,_release_staging/CapsuleWardrobeRAG/02_wardrobe_images/karen/schmuck85/schmuck85.txt,551,1c541bc71b74734e5d9eae39252e3ce367675c85,False,False
02_wardrobe_images/karen/schmuck86/schmuck86.txt,_release_staging/CapsuleWardrobeRAG/02_wardrobe_images/karen/schmuck86/schmuck86.txt,942,ecd182414d12ed86099eafa979ffa7e189d59f0d,False,False
02_wardrobe_images/karen/schmuck87/schmuck87.txt,_release_staging/CapsuleWardrobeRAG/02_wardrobe_images/karen/schmuck87/schmuck87.txt,601,ed461d864f77e4d30c9ecc2aec1785503853eeb9,False,False
02_wardrobe_images/karen/schmuck88/schmuck88.txt,_release_staging/CapsuleWardrobeRAG/02_wardrobe_images/karen/schmuck88/schmuck88.txt,588,db6df26c8f6bdc169351a8967bce06f9446f2144,False,False
02_wardrobe_images/karen/schmuck89/schmuck89.txt,_release_staging/CapsuleWardrobeRAG/02_wardrobe_images/karen/schmuck89/schmuck89.txt,867,4702b2cafa90f873c45bce807b55d2f3f199e3b7,False,False
02_wardrobe_images/karen/schmuck90/schmuck90.txt,_release_staging/CapsuleWardrobeRAG/02_wardrobe_images/karen/schmuck90/schmuck90.txt,947,5b0eb85429ec2bfcfe12bf58cab23ac83c81f8bb,False,False
02_wardrobe_images/karen/schmuck91/schmuck91.txt,_release_staging/CapsuleWardrobeRAG/02_wardrobe_images/karen/schmuck91/schmuck91.txt,531,0b67d470cb364531832f67d52cbfefb89d652e71,False,False
02_wardrobe_images/karen/schuhe trippen lederstieflette/schuhe trippen lederstieflette.txt,_release_staging/CapsuleWardrobeRAG/02_wardrobe_images/karen/schuhe trippen lederstieflette/schuhe trippen lederstieflette.txt,1536,25f7c9e9cc7e41a297eab240b9ffc7c151ea98a8,False,False
02_wardrobe_images/karen/schwarze Kunstlederjacke in Biker-Optik/schwarze Kunstlederjacke in Biker-Optik.txt,_release_staging/CapsuleWardrobeRAG/02_wardrobe_images/karen/schwarze Kunstlederjacke in Biker-Optik/schwarze Kunstlederjacke in Biker-Optik.txt,2201,329fc87f966381750a4575144afbeb4f1881c1b3,False,False
02_wardrobe_images/karen/schwarze Winterjacke von der Firma Polarino/schwarze Winterjacke von der Firma Polarino.txt,_release_staging/CapsuleWardrobeRAG/02_wardrobe_images/karen/schwarze Winterjacke von der Firma Polarino/schwarze Winterjacke von der Firma Polarino.txt,2606,9add15191df9f9f9ea191c3715b729ea3c6b5361,False,False
02_wardrobe_images/karen/schwarzes Kunstlederkleid von der Firma Curvy Me/schwarzes Kunstlederkleid von der Firma Curvy Me.txt,_release_staging/CapsuleWardrobeRAG/02_wardrobe_images/karen/schwarzes Kunstlederkleid von der Firma Curvy Me/schwarzes Kunstlederkleid von der Firma Curvy Me.txt,1970,85220f82656c928826627c2d4afbbd84d37a4a75,False,False
02_wardrobe_images/karen/schwarzes-sweatshirt-kleid-mit-struktur_204/Sweatshirt-Kleid von der Firma Taifun.txt,_release_staging/CapsuleWardrobeRAG/02_wardrobe_images/karen/schwarzes-sweatshirt-kleid-mit-struktur_204/Sweatshirt-Kleid von der Firma Taifun.txt,1652,ae6f858a68079155b1652989dc413f4d21c31f12,False,False
02_wardrobe_images/karen/sea2see-sasha-03-brillenfassung-bicolor-blau_120/schmuck34.txt,_release_staging/CapsuleWardrobeRAG/02_wardrobe_images/karen/sea2see-sasha-03-brillenfassung-bicolor-blau_120/schmuck34.txt,1190,7520b978290bf3197c5b14b6d1bbcb74f938703f,False,False
02_wardrobe_images/karen/sehr-helle-jeansjacke_210/sehr helle Jeansjacke von der Firma Mango.txt,_release_staging/CapsuleWardrobeRAG/02_wardrobe_images/karen/sehr-helle-jeansjacke_210/sehr helle Jeansjacke von der Firma Mango.txt,3005,ff5ad9022aee5ba0a7279389608a59c4c78529a9,False,False
02_wardrobe_images/karen/set-4-perlenarmbaender-kunststoff-in-creme-perlweiss_121/schmuck35.txt,_release_staging/CapsuleWardrobeRAG/02_wardrobe_images/karen/set-4-perlenarmbaender-kunststoff-in-creme-perlweiss_121/schmuck35.txt,1575,071c6765cf50868ad5aa1d826c69a87b92f0b5a1,False,False
02_wardrobe_images/karen/set-haarklammern-3er-ros-gold-mit-perlen-monogramm-mh_94/schmuck08.txt,_release_staging/CapsuleWardrobeRAG/02_wardrobe_images/karen/set-haarklammern-3er-ros-gold-mit-perlen-monogramm-mh_94/schmuck08.txt,675,72425c463003492a7aff2a54ecb41a7fb731f147,False,False
02_wardrobe_images/karen/shirt-mit-spitzenborte-wollweiss-schwarz-924695/shirt-mit-spitzenborte-wollweiss-schwarz-924695.txt,_release_staging/CapsuleWardrobeRAG/02_wardrobe_images/karen/shirt-mit-spitzenborte-wollweiss-schwarz-924695/shirt-mit-spitzenborte-wollweiss-schwarz-924695.txt,658,4daf88392cd280213125a9668c2e74659d1cc38d,False,False
02_wardrobe_images/karen/stricktop-schwarz-wollweiss-sonstige-952904/stricktop-schwarz-wollweiss-sonstige-952904.txt,_release_staging/CapsuleWardrobeRAG/02_wardrobe_images/karen/stricktop-schwarz-wollweiss-sonstige-952904/stricktop-schwarz-wollweiss-sonstige-952904.txt,594,fc5b99d8514bf58d1f80c4a5d32e33048422cd2a,False,False
02_wardrobe_images/karen/swarovski-grosse-u-foermige-creolen-art-d-co-baguette-schliff_151/schmuck65.txt,_release_staging/CapsuleWardrobeRAG/02_wardrobe_images/karen/swarovski-grosse-u-foermige-creolen-art-d-co-baguette-schliff_151/schmuck65.txt,742,814b1febde4a4c6774fb4de8623d0d3e65f7f343,False,False
02_wardrobe_images/karen/tanktop-mit-vorderseite-aus-lammnappa-leder-schwarz-960502/tanktop-mit-vorderseite-aus-lammnappa-leder-schwarz-960502.txt,_release_staging/CapsuleWardrobeRAG/02_wardrobe_images/karen/tanktop-mit-vorderseite-aus-lammnappa-leder-schwarz-960502/tanktop-mit-vorderseite-aus-lammnappa-leder-schwarz-960502.txt,572,3613c89901e8699b9ec18b477affaa0e526ff000,False,False
02_wardrobe_images/karen/tasche04/tasche04.txt,_release_staging/CapsuleWardrobeRAG/02_wardrobe_images/karen/tasche04/tasche04.txt,1776,572177197bfeef515218b66eb827d02864e01165,False,False
02_wardrobe_images/karen/tasche05/tasche05.txt,_release_staging/CapsuleWardrobeRAG/02_wardrobe_images/karen/tasche05/tasche05.txt,1872,812213c943b301b48820fe696552da41edd4d8cd,False,False
02_wardrobe_images/karen/tasche06/tasche06.txt,_release_staging/CapsuleWardrobeRAG/02_wardrobe_images/karen/tasche06/tasche06.txt,2174,e98ae02e74ac71b5e807fd351546667c28b7d9dd,False,False
02_wardrobe_images/karen/tasche07/tasche07.txt,_release_staging/CapsuleWardrobeRAG/02_wardrobe_images/karen/tasche07/tasche07.txt,2666,ced2f5b37ea93f2815ef690a6e285930db2c4e0c,False,False
02_wardrobe_images/karen/tasche08/tasche08.txt,_release_staging/CapsuleWardrobeRAG/02_wardrobe_images/karen/tasche08/tasche08.txt,1954,96a0111899e7000ce5e6d54f3b1daebea7cb6939,False,False
02_wardrobe_images/karen/tasche09/tasche09.txt,_release_staging/CapsuleWardrobeRAG/02_wardrobe_images/karen/tasche09/tasche09.txt,1723,0b30ba048042c00f9aaf19f3d146145b8cbdc6c2,False,False
02_wardrobe_images/karen/tasche10/tasche10.txt,_release_staging/CapsuleWardrobeRAG/02_wardrobe_images/karen/tasche10/tasche10.txt,757,15766563ba9452bf286e22b5b1bb6713cf742ce1,False,False
02_wardrobe_images/karen/tasche11/tasche11.txt,_release_staging/CapsuleWardrobeRAG/02_wardrobe_images/karen/tasche11/tasche11.txt,1519,82aa69436e72550a3f337b2e5a16e528007ebe03,False,False
02_wardrobe_images/karen/tasche12/tasche12.txt,_release_staging/CapsuleWardrobeRAG/02_wardrobe_images/karen/tasche12/tasche12.txt,2202,1488c3e0b1f8f552e78da39dfcbfe6d112b918dc,False,False
02_wardrobe_images/karen/tasche13/tasche13.txt,_release_staging/CapsuleWardrobeRAG/02_wardrobe_images/karen/tasche13/tasche13.txt,1341,2fef911996b948858a4dd21728c0a1f76b4bbfd9,False,False
02_wardrobe_images/karen/tasche14/tasche14.txt,_release_staging/CapsuleWardrobeRAG/02_wardrobe_images/karen/tasche14/tasche14.txt,1960,e8562d8eae97f04cb16614a810975a13cb86e2a9,False,False
02_wardrobe_images/karen/timberland-lug-sole-boat-shoe-moc-toe-dark-brown-leather_36/12 Bootsschuh der Firma Timberland.txt,_release_staging/CapsuleWardrobeRAG/02_wardrobe_images/karen/timberland-lug-sole-boat-shoe-moc-toe-dark-brown-leather_36/12 Bootsschuh der Firma Timberland.txt,1588,26e8cbbf113e84eed23fd51c5f574aa9853a67b3,False,False
02_wardrobe_images/karen/trippen-zweifarbiger-leder-derby-rot_57/33 TRippen Halbschuh Rot.txt,_release_staging/CapsuleWardrobeRAG/02_wardrobe_images/karen/trippen-zweifarbiger-leder-derby-rot_57/33 TRippen Halbschuh Rot.txt,1933,19bdb1b89c9fcfb3869fe7ffcdb4ed2f4e4ae7e9,False,False
02_wardrobe_images/karen/twillhose-aus-reiner-baumwolle-schwarz-948744/twillhose-aus-reiner-baumwolle-schwarz-948744.txt,_release_staging/CapsuleWardrobeRAG/02_wardrobe_images/karen/twillhose-aus-reiner-baumwolle-schwarz-948744/twillhose-aus-reiner-baumwolle-schwarz-948744.txt,581,2a64363517c33295a782ee64f64d99951a7e7093,False,False
02_wardrobe_images/karen/uhr01/uhr01.txt,_release_staging/CapsuleWardrobeRAG/02_wardrobe_images/karen/uhr01/uhr01.txt,1512,a71428e833be353b73abf94e147c08c7354ce353,False,False
02_wardrobe_images/karen/uhr02/uhr02.txt,_release_staging/CapsuleWardrobeRAG/02_wardrobe_images/karen/uhr02/uhr02.txt,615,1dbdbcf67f3b5e4d57881ad203525769212d1875,False,False
02_wardrobe_images/karen/uhr03/uhr03.txt,_release_staging/CapsuleWardrobeRAG/02_wardrobe_images/karen/uhr03/uhr03.txt,882,f31f55c0c8b0c6c342733d106759835d3327858b,False,False
02_wardrobe_images/karen/vintage-haarklammer-barrette-in-antiksilber-mit-strass-bluetenmotiv_142/schmuck56.txt,_release_staging/CapsuleWardrobeRAG/02_wardrobe_images/karen/vintage-haarklammer-barrette-in-antiksilber-mit-strass-bluetenmotiv_142/schmuck56.txt,1449,dfd4618da5b51599f6b29e7b72630c8d17b750de,False,False
02_wardrobe_images/karen/weat-veloursleder-crossbody-tasche-mit-kettenriemen_74/Tasche02.txt,_release_staging/CapsuleWardrobeRAG/02_wardrobe_images/karen/weat-veloursleder-crossbody-tasche-mit-kettenriemen_74/Tasche02.txt,775,7b7e80baf04a89192e953e1307e8dccd34dc2990,False,False
02_wardrobe_images/karen/weihnachtliche-samt-schleifen-haarspange-mit-kunstfell_93/schmuck07.txt,_release_staging/CapsuleWardrobeRAG/02_wardrobe_images/karen/weihnachtliche-samt-schleifen-haarspange-mit-kunstfell_93/schmuck07.txt,692,199539f7115e722897c3a207bd2c522b886d9c86,False,False
02_wardrobe_images/karen/wollblazer-mit-fischgratmuster-mittelgrau-meliert-964174/wollblazer-mit-fischgratmuster-mittelgrau-meliert-964174.txt,_release_staging/CapsuleWardrobeRAG/02_wardrobe_images/karen/wollblazer-mit-fischgratmuster-mittelgrau-meliert-964174/wollblazer-mit-fischgratmuster-mittelgrau-meliert-964174.txt,957,cab868f1bfddd698e69617f62d18ac4563a22ee0,False,False
02_wardrobe_images/karen/wollblazer-mit-fischgratmuster-naturbeige-meliert-931633/wollblazer-mit-fischgratmuster-naturbeige-meliert-931633.txt,_release_staging/CapsuleWardrobeRAG/02_wardrobe_images/karen/wollblazer-mit-fischgratmuster-naturbeige-meliert-931633/wollblazer-mit-fischgratmuster-naturbeige-meliert-931633.txt,862,28468aa9cf1af95d1d1183d2667af260c02bac7f,False,False
02_wardrobe_images/karen/wollhose-mit-fischgratmuster-mittelgrau-meliert-938336/wollhose-mit-fischgratmuster-mittelgrau-meliert-938336.txt,_release_staging/CapsuleWardrobeRAG/02_wardrobe_images/karen/wollhose-mit-fischgratmuster-mittelgrau-meliert-938336/wollhose-mit-fischgratmuster-mittelgrau-meliert-938336.txt,988,5daa5bb608d819e350c4f618720ec4194eba9754,False,False
02_wardrobe_images/karen/wollhose-mit-fischgratmuster-naturbeige-meliert-937781/wollhose-mit-fischgratmuster-naturbeige-meliert-937781.txt,_release_staging/CapsuleWardrobeRAG/02_wardrobe_images/karen/wollhose-mit-fischgratmuster-naturbeige-meliert-937781/wollhose-mit-fischgratmuster-naturbeige-meliert-937781.txt,984,93588817abaa4104ecae9dc937aaf7a5fc3e96d2,False,False
04_user_data/andreas/profile.json,_release_staging/CapsuleWardrobeRAG/04_user_data/andreas/profile.json,461,2523cabd2d9fa4c6f372dc22cb5fc05decf70c5e,True,False
04_user_data/karen/profile.json,_release_staging/CapsuleWardrobeRAG/04_user_data/karen/profile.json,557,bbeb3a38445c88a789915c170702a8869e521a0f,True,False
Wardrobe_Studio_Starten.bat,_release_staging/CapsuleWardrobeRAG/Wardrobe_Studio_Starten.bat,6300,eea80c3f069cf79844dd9cfe4260ca0efba79cf5,True,False
docs/ARCHITECTURE.md,_release_staging/CapsuleWardrobeRAG/docs/ARCHITECTURE.md,2523,ea829dc47e5be8a98e7d9b25cdda90610a82b197,True,False
docs/CHAT_HANDOFF_TEMPLATE.md,_release_staging/CapsuleWardrobeRAG/docs/CHAT_HANDOFF_TEMPLATE.md,1907,aabc221f4a3be37d5b4fd3df8c99709910126d20,True,False
docs/ENGINEERING_GUIDELINES.md,_release_staging/CapsuleWardrobeRAG/docs/ENGINEERING_GUIDELINES.md,4901,47a44ab6eef84c3b3e0ce4c1cc05facd0a55eb32,True,False
docs/ENGINEERING_MANIFEST_v2.0.md,_release_staging/CapsuleWardrobeRAG/docs/ENGINEERING_MANIFEST_v2.0.md,10186,ddcde27590a3bafa56f372e184e8822865515152,True,False
docs/HANDOFF_MANIFEST.md,_release_staging/CapsuleWardrobeRAG/docs/HANDOFF_MANIFEST.md,1617,c9bb6d328b9a4a7c74a70ad8220ed65c60587a74,True,False
docs/HANDOFF_RUNTIME_STATE.md,_release_staging/CapsuleWardrobeRAG/docs/HANDOFF_RUNTIME_STATE.md,673,ef93967190c613979b79541e4074334e10a7914b,True,False
docs/PROJECT_STATE.md,_release_staging/CapsuleWardrobeRAG/docs/PROJECT_STATE.md,2939,3bcd3a393016105d3008d5932c15e42a6ac7e51b,True,False
docs/RUNBOOK.md,_release_staging/CapsuleWardrobeRAG/docs/RUNBOOK.md,2214,5df77c3fa0e28f9b98fc26eafe4c1bd7d5c6caf4,True,False
docs/WORKING_AGREEMENT.md,_release_staging/CapsuleWardrobeRAG/docs/WORKING_AGREEMENT.md,2391,bff6447c56423b1c98261125db43a7cc1dd44643,True,False
ontology/color_lexicon.yaml,_release_staging/CapsuleWardrobeRAG/ontology/color_lexicon.yaml,2854,dc62866c4590833f5d1756777c41176b1491cdcc,True,False
ontology/ontology_overrides.yaml,_release_staging/CapsuleWardrobeRAG/ontology/ontology_overrides.yaml,269,886fcbb8cded0e834f03e4609b488722e0243812,True,False
ontology/ontology_part_01_overview.md,_release_staging/CapsuleWardrobeRAG/ontology/ontology_part_01_overview.md,2473,cbb7276d188e77c919e320b2187174f8becb78aa,True,False
ontology/ontology_part_02_taxonomy.md,_release_staging/CapsuleWardrobeRAG/ontology/ontology_part_02_taxonomy.md,22814,7010b7e5b311e358f7a83705c03283fb71fa606e,True,False
ontology/ontology_part_03_item_types.md,_release_staging/CapsuleWardrobeRAG/ontology/ontology_part_03_item_types.md,45231,d66a90081a8d1b2f3926afc71851d12ec9463708,True,False
ontology/ontology_part_04_attributes_value_sets_core.md,_release_staging/CapsuleWardrobeRAG/ontology/ontology_part_04_attributes_value_sets_core.md,34992,21a86a729a289031956ad70ee8a1f662ca0e1692,True,False
ontology/ontology_part_05_materials_sustainability_certifications.md,_release_staging/CapsuleWardrobeRAG/ontology/ontology_part_05_materials_sustainability_certifications.md,12830,27aac166e130a337afa9db3b3e0dafe3f77129e5,True,False
ontology/ontology_part_06_fits_cuts_collars_sizes.md,_release_staging/CapsuleWardrobeRAG/ontology/ontology_part_06_fits_cuts_collars_sizes.md,29768,044cf249eb5520ebe35aa0b1c2f1971491578251,True,False
ontology/ontology_part_07_brands_shops.md,_release_staging/CapsuleWardrobeRAG/ontology/ontology_part_07_brands_shops.md,34571,43319ceaff8113e3e15d1ae45719babab850f8f1,True,False
ontology/ontology_part_08_rules_disambiguation.md,_release_staging/CapsuleWardrobeRAG/ontology/ontology_part_08_rules_disambiguation.md,27039,d75210b5f978a52d1c2e6771fff461282751e931,True,False
ontology/ontology_part_09_qa_glossary_ambiguities.md,_release_staging/CapsuleWardrobeRAG/ontology/ontology_part_09_qa_glossary_ambiguities.md,9468,8373eb6ace66d78ec95fc0e3440238bc6a051379,True,False
pytest.ini,_release_staging/CapsuleWardrobeRAG/pytest.ini,208,32c7874d0244d5c4cfb954ed2ab5b71a4dfb132b,True,False
src/__init__.py,_release_staging/CapsuleWardrobeRAG/src/__init__.py,0,da39a3ee5e6b4b0d3255bfef95601890afd80709,True,False
src/api_main.py,_release_staging/CapsuleWardrobeRAG/src/api_main.py,7124,161b747db41a5560733b3488ae85ed6ce1e3e373,True,False
src/api_v2.py,_release_staging/CapsuleWardrobeRAG/src/api_v2.py,38176,254c2ae3d18ca6e8a23cbdeea0f0a1205507de91,True,False
src/category_map.py,_release_staging/CapsuleWardrobeRAG/src/category_map.py,10940,d0bdf355947779a1310ea1e47ce9aef47957a8ec,True,False
src/check_db.py,_release_staging/CapsuleWardrobeRAG/src/check_db.py,1908,3ce00d56b36ddbc14083afae2c3de43248c5d532,True,False
src/database_manager.py,_release_staging/CapsuleWardrobeRAG/src/database_manager.py,1451,8013579a6186b830bd3ab767fe56fbdcf78b299a,True,False
src/db_schema.py,_release_staging/CapsuleWardrobeRAG/src/db_schema.py,6623,15450db09f05d7a636a4a3d720a44fb025a82359,True,False
src/error_contract.py,_release_staging/CapsuleWardrobeRAG/src/error_contract.py,2305,c766824735bacecede89ebb6f7aa0acf05a173bb,True,False
src/export_db.py,_release_staging/CapsuleWardrobeRAG/src/export_db.py,954,940fc593caad8deadf612f1a200eed9621603234,True,False
src/ingest_wardrobe.py,_release_staging/CapsuleWardrobeRAG/src/ingest_wardrobe.py,26571,490215443f3ec74482e9bb1a86ed58d0ca8f0b7e,True,False
src/init_project.py,_release_staging/CapsuleWardrobeRAG/src/init_project.py,1644,9fdcfa1a274928aa3b74f07aea5b99fedb0abf4e,True,False
src/logging_config.py,_release_staging/CapsuleWardrobeRAG/src/logging_config.py,2614,ba9f1b08574e5da4eb5d079d5e9d465fec0824df,True,False
src/logging_utils.py,_release_staging/CapsuleWardrobeRAG/src/logging_utils.py,911,04e07d6e369dcef0caca9d28746c83cb65fc670d,True,False
src/models.py,_release_staging/CapsuleWardrobeRAG/src/models.py,1071,f799ac7e0a0cf90ff9affccc3b739c50c7bb8f4e,True,False
src/ontology_runtime.py,_release_staging/CapsuleWardrobeRAG/src/ontology_runtime.py,17673,910fa8bc427109388b1567f389d6cb948a1e924c,True,False
src/reset_folders.py,_release_staging/CapsuleWardrobeRAG/src/reset_folders.py,2047,80adc030a1b745b422212dff05ee3cbf8ffb2540,True,False
src/run_registry.py,_release_staging/CapsuleWardrobeRAG/src/run_registry.py,11211,2f1f0123b004c4b0e15060da2a78a75fba1207bf,True,False
src/server_entry.py,_release_staging/CapsuleWardrobeRAG/src/server_entry.py,1456,777f6387cc2f1f0b01c354fd4a4e1ce4473e2756,True,False
src/settings.py,_release_staging/CapsuleWardrobeRAG/src/settings.py,5370,fdd2524444ccfaac2d3f2a93355b240a14935d34,True,False
src/update_db_schema.py,_release_staging/CapsuleWardrobeRAG/src/update_db_schema.py,1897,dfcad1e21a1da089e26aedfca33de71c061d6506,True,False
src/wardrobe_stylist.py,_release_staging/CapsuleWardrobeRAG/src/wardrobe_stylist.py,1920,664be7346a886ee72f3c2f5f97887596862e147a,True,False
src/web_dashboard.py,_release_staging/CapsuleWardrobeRAG/src/web_dashboard.py,19295,27b03fba7b748c064e55184d51c149aa2db58bed,True,False
src/web_dashboard.py.bak,_release_staging/CapsuleWardrobeRAG/src/web_dashboard.py.bak,8591,3d45a2d8567a74e890980f7176d8ab1e8f045b9f,True,False
templates/admin_item_edit.html,_release_staging/CapsuleWardrobeRAG/templates/admin_item_edit.html,7583,8025b7b1ad5d8388fefe80a8ca78af3fcf06c136,True,False
templates/index.html,_release_staging/CapsuleWardrobeRAG/templates/index.html,16799,fc151a13ad34bd8720e78fdb3725edb67e82cced,True,False
templates/item_detail.html,_release_staging/CapsuleWardrobeRAG/templates/item_detail.html,4979,dddfaf0cbcf628d30b3031bd91f6baaaf5999414,True,False
tests/conftest.py,_release_staging/CapsuleWardrobeRAG/tests/conftest.py,489,c622a96d67b5e3a841e5a3b6f2c3afd0aca5056c,True,False
tests/test_admin_item_edit_context_select.py,_release_staging/CapsuleWardrobeRAG/tests/test_admin_item_edit_context_select.py,1764,b9ee4db08c897baced2dd4d21102f0c313904016,True,False
tests/test_api_v2_crud.py,_release_staging/CapsuleWardrobeRAG/tests/test_api_v2_crud.py,6725,14ab75b419d7caf5dae8144f01d4b80e2c87eee0,True,False
tests/test_category_map_other.py,_release_staging/CapsuleWardrobeRAG/tests/test_category_map_other.py,728,bfc880f3330b2dedd1caee22f13b6db049309f32,True,False
tests/test_dashboard_index_filters.py,_release_staging/CapsuleWardrobeRAG/tests/test_dashboard_index_filters.py,2166,6f12e7494885afd0957a6a3a69ecf1073fc4bd14,True,False
tests/test_db_schema_migration.py,_release_staging/CapsuleWardrobeRAG/tests/test_db_schema_migration.py,1695,c2339f46668912125ee374b4b571002536fe3591,True,False
tests/test_error_contract.py,_release_staging/CapsuleWardrobeRAG/tests/test_error_contract.py,3373,5d1197be124f9403fe31fd8b39f3c32feebbbe82,True,False
tests/test_handoff_make_run_dry.py,_release_staging/CapsuleWardrobeRAG/tests/test_handoff_make_run_dry.py,1376,03284e91ec34c2ba4c885859cb62f03eefdbdfad,True,False
tests/test_ingest_recover_orphan.py,_release_staging/CapsuleWardrobeRAG/tests/test_ingest_recover_orphan.py,1396,c031ad9cf53b9c7a347aae5861f0723ce71b9243,True,False
tests/test_ingest_wardrobe_dry_run.py,_release_staging/CapsuleWardrobeRAG/tests/test_ingest_wardrobe_dry_run.py,1836,012df6a355d8ccfc4eec2e91e34a4319bd4a9e40,True,False
tests/test_ingest_wardrobe_idempotence.py,_release_staging/CapsuleWardrobeRAG/tests/test_ingest_wardrobe_idempotence.py,3638,8f77a3f5d60c598b6475816b8392f9b7646f6a43,True,False
tests/test_ontology_color_lexicon.py,_release_staging/CapsuleWardrobeRAG/tests/test_ontology_color_lexicon.py,1393,a63800cf6a7a167c8aa49a53c196e672e0e17cd6,True,False
tests/test_ontology_includes_ui_categories.py,_release_staging/CapsuleWardrobeRAG/tests/test_ontology_includes_ui_categories.py,477,a00620c9c3e7ed86d35cd870bcc1d3aeab5be496,True,False
tests/test_run_registry.py,_release_staging/CapsuleWardrobeRAG/tests/test_run_registry.py,2170,2d6dcd507fe6190d56c7c7ff6ffabcd536059b29,True,False
tests/test_run_registry_kpis.py,_release_staging/CapsuleWardrobeRAG/tests/test_run_registry_kpis.py,1087,0ce5265fad91b521e82285bf621a8c90cb8ec486,True,False
tests/test_run_registry_redaction.py,_release_staging/CapsuleWardrobeRAG/tests/test_run_registry_redaction.py,2119,a000feca20ba1f798c12bb73fbd67c147f14ea84,True,False
tests/test_secret_scan.py,_release_staging/CapsuleWardrobeRAG/tests/test_secret_scan.py,1533,76025330834274245d039e0b7ea7d49f1ddf5659,True,False
tests/test_web_dashboard_legacy_api_auth.py,_release_staging/CapsuleWardrobeRAG/tests/test_web_dashboard_legacy_api_auth.py,2927,b7c73b77c936906bce72146ad626295ff79208f7,True,False
tests/test_web_dashboard_v1_inventory_fields.py,_release_staging/CapsuleWardrobeRAG/tests/test_web_dashboard_v1_inventory_fields.py,2096,a1866c675039977975f09ef9555c348246d02862,True,False
tools/Test-WardrobeApi.ps1,_release_staging/CapsuleWardrobeRAG/tools/Test-WardrobeApi.ps1,1256,42c7bb0df1581ebbd1aba1b478f42135711c0441,True,False
tools/handoff_make.ps1,_release_staging/CapsuleWardrobeRAG/tools/handoff_make.ps1,3927,0d6c52b4ea0a97353a6aa76ad307401d0487f0e0,True,False
tools/handoff_make.py,_release_staging/CapsuleWardrobeRAG/tools/handoff_make.py,7431,c93c08b1e08e38771f704404d40ac939f74ed6d8,True,False
tools/handoff_make_run.py,_release_staging/CapsuleWardrobeRAG/tools/handoff_make_run.py,4397,06aa4e48a02c89b25b9bcd92816a9b16baa13bc1,True,False
tools/handoff_snapshot.ps1,_release_staging/CapsuleWardrobeRAG/tools/handoff_snapshot.ps1,4488,fdee3c82a22b61c6c7b57536f019fb055ebd6830,True,False
tools/hooks/pre-commit.sample,_release_staging/CapsuleWardrobeRAG/tools/hooks/pre-commit.sample,434,ffa7b55f9fde2e20f3801a2ca95f50c5c7e04b52,True,False
tools/ingest_recover.py,_release_staging/CapsuleWardrobeRAG/tools/ingest_recover.py,7615,9f42a27072c0ff3c2445660c828c406fa06132aa,True,False
tools/ontology_runtime_dump.py,_release_staging/CapsuleWardrobeRAG/tools/ontology_runtime_dump.py,9604,0e9bc0a5174f75f8f629ec3ad18e3c6a6919f20d,True,False
tools/project_audit_dump.py,_release_staging/CapsuleWardrobeRAG/tools/project_audit_dump.py,15290,ca142af51a1da26fe93c0f6d14833412dac14f37,True,False
tools/project_data_snapshot.py,_release_staging/CapsuleWardrobeRAG/tools/project_data_snapshot.py,8033,a37c1c01753bf23e1e849c2b71b49d345de9ae65,True,False
tools/project_sanity_check.py,_release_staging/CapsuleWardrobeRAG/tools/project_sanity_check.py,3032,1349e359bce6a5a480b6c6116c6c7aaae50e1c4f,True,False
tools/runs_report.py,_release_staging/CapsuleWardrobeRAG/tools/runs_report.py,3129,131ab2c059ccf452a93d981075229bcf40be2cb9,True,False
tools/secret_scan.py,_release_staging/CapsuleWardrobeRAG/tools/secret_scan.py,7909,8188d3d9e748f386ba497f00eff3330758714079,True,False
