duplicate_count,size_bytes,sha1,paths,tracked_paths
67,0,da39a3ee5e6b4b0d3255bfef95601890afd80709,02_wardrobe_images/karen/13 Sandale mit Open Toe und Riemchen/13 Sandale mit Open Toe und Riemchen.txt || 02_wardrobe_images/karen/19 Firma Salomon Spezialschuh Querfeldeinläufe/19 Firma Salomon Spezialschuh Querfeldeinläufe.txt || 02_wardrobe_images/karen/27 Stiefelette von Post Excellence/27 Stiefelette von Post Excellence.txt || 02_wardrobe_images/karen/28 Stiefel Beige Knöchelhoch/28 Stiefel Beige Knöchelhoch.txt || _release_staging/CapsuleWardrobeRAG/02_wardrobe_images/karen/13 Sandale mit Open Toe und Riemchen/13 Sandale mit Open Toe und Riemchen.txt || _release_staging/CapsuleWardrobeRAG/02_wardrobe_images/karen/19 Firma Salomon Spezialschuh Querfeldeinläufe/19 Firma Salomon Spezialschuh Querfeldeinläufe.txt || _release_staging/CapsuleWardrobeRAG/02_wardrobe_images/karen/27 Stiefelette von Post Excellence/27 Stiefelette von Post Excellence.txt || _release_staging/CapsuleWardrobeRAG/02_wardrobe_images/karen/28 Stiefel Beige Knöchelhoch/28 Stiefel Beige Knöchelhoch.txt || _release_staging/CapsuleWardrobeRAG/src/__init__.py || logs/ngrok.err.log || logs/ngrok.err_20260201-104454.log || logs/ngrok.err_20260201-110547.log || logs/ngrok.err_20260201-112503.log || logs/ngrok.err_20260201-125314.log || logs/ngrok.err_20260201-150023.log || logs/ngrok.err_20260215-110700.log || logs/ngrok.err_20260215-121437.log || logs/ngrok.err_20260215-122402.log || logs/ngrok.err_20260215-202301.log || logs/ngrok.err_20260215-223016.log || logs/ngrok.err_20260221-185711.log || logs/ngrok.err_20260301-161252.log || logs/ngrok.err_20260301-181619.log || logs/ngrok.err_20260301-194224.log || logs/ngrok.out.log || logs/ngrok.out_20260201-104454.log || logs/ngrok.out_20260201-110547.log || logs/ngrok.out_20260201-112503.log || logs/ngrok.out_20260201-125314.log || logs/ngrok.out_20260201-150023.log || logs/ngrok.out_20260215-110700.log || logs/ngrok.out_20260215-121437.log || logs/ngrok.out_20260215-122402.log || logs/ngrok.out_20260215-202301.log || logs/ngrok.out_20260215-223016.log || logs/ngrok.out_20260221-185711.log || logs/ngrok.out_20260301-161252.log || logs/ngrok.out_20260301-173802.log || logs/ngrok.out_20260301-181619.log || logs/ngrok.out_20260301-194224.log || logs/server.out.log || logs/server.out_20260201-104454.log || logs/server.out_20260201-110547.log || logs/server.out_20260201-112503.log || logs/server.out_20260201-125314.log || logs/server.out_20260201-150023.log || logs/server.out_20260215-110700.log || logs/server.out_20260215-113152.log || logs/server.out_20260215-120835.log || logs/server.out_20260215-121437.log || logs/server.out_20260215-121915.log || logs/server.out_20260215-122402.log || logs/server.out_20260215-202301.log || logs/server.out_20260215-223016.log || logs/server.out_20260221-185711.log || logs/server.out_20260222-124115.log || logs/server.out_20260222-192059.log || logs/server.out_20260222-195527.log || logs/server.out_20260222-204434.log || logs/server.out_20260222-205115.log || logs/server.out_20260301-113913.log || logs/server.out_20260301-161252.log || logs/server.out_20260301-164448.log || logs/server.out_20260301-173802.log || logs/server.out_20260301-181619.log || logs/server.out_20260301-194224.log || src/__init__.py,src/__init__.py
7,1617,c9bb6d328b9a4a7c74a70ad8220ed65c60587a74,_release_staging/CapsuleWardrobeRAG/docs/HANDOFF_MANIFEST.md || docs/HANDOFF_MANIFEST.md || docs/_snapshot/handoff_20260222-204547/HANDOFF_MANIFEST.md || docs/_snapshot/handoff_20260222-204618/HANDOFF_MANIFEST.md || docs/_snapshot/handoff_20260301-161040/HANDOFF_MANIFEST.md || docs/_snapshot/handoff_20260301-161316/HANDOFF_MANIFEST.md || docs/_snapshot/latest/HANDOFF_MANIFEST.md,docs/HANDOFF_MANIFEST.md
7,673,ef93967190c613979b79541e4074334e10a7914b,_release_staging/CapsuleWardrobeRAG/docs/HANDOFF_RUNTIME_STATE.md || docs/HANDOFF_RUNTIME_STATE.md || docs/_snapshot/handoff_20260222-204547/HANDOFF_RUNTIME_STATE.md || docs/_snapshot/handoff_20260222-204618/HANDOFF_RUNTIME_STATE.md || docs/_snapshot/handoff_20260301-161040/HANDOFF_RUNTIME_STATE.md || docs/_snapshot/handoff_20260301-161316/HANDOFF_RUNTIME_STATE.md || docs/_snapshot/latest/HANDOFF_RUNTIME_STATE.md,docs/HANDOFF_RUNTIME_STATE.md
4,576,839c065cdd6048c9e0c686f9430adb6e62bef105,docs/_snapshot/handoff_20260222-204547/sanity_check.txt || docs/_snapshot/handoff_20260222-204618/sanity_check.txt || docs/_snapshot/handoff_20260301-161316/sanity_check.txt || docs/_snapshot/latest/sanity_check.txt,
2,684761,7f86840a8f915e46fcbd9ba28c674b2d220ac745,docs/_snapshot/handoff_20260301-161316/project_audit_dump.md || docs/_snapshot/latest/project_audit_dump.md,
2,45231,d66a90081a8d1b2f3926afc71851d12ec9463708,_release_staging/CapsuleWardrobeRAG/ontology/ontology_part_03_item_types.md || ontology/ontology_part_03_item_types.md,ontology/ontology_part_03_item_types.md
2,38176,254c2ae3d18ca6e8a23cbdeea0f0a1205507de91,_release_staging/CapsuleWardrobeRAG/src/api_v2.py || src/api_v2.py,src/api_v2.py
2,34992,21a86a729a289031956ad70ee8a1f662ca0e1692,_release_staging/CapsuleWardrobeRAG/ontology/ontology_part_04_attributes_value_sets_core.md || ontology/ontology_part_04_attributes_value_sets_core.md,ontology/ontology_part_04_attributes_value_sets_core.md
2,34571,43319ceaff8113e3e15d1ae45719babab850f8f1,_release_staging/CapsuleWardrobeRAG/ontology/ontology_part_07_brands_shops.md || ontology/ontology_part_07_brands_shops.md,ontology/ontology_part_07_brands_shops.md
2,29768,044cf249eb5520ebe35aa0b1c2f1971491578251,_release_staging/CapsuleWardrobeRAG/ontology/ontology_part_06_fits_cuts_collars_sizes.md || ontology/ontology_part_06_fits_cuts_collars_sizes.md,ontology/ontology_part_06_fits_cuts_collars_sizes.md
2,27039,d75210b5f978a52d1c2e6771fff461282751e931,_release_staging/CapsuleWardrobeRAG/ontology/ontology_part_08_rules_disambiguation.md || ontology/ontology_part_08_rules_disambiguation.md,ontology/ontology_part_08_rules_disambiguation.md
2,26571,490215443f3ec74482e9bb1a86ed58d0ca8f0b7e,_release_staging/CapsuleWardrobeRAG/src/ingest_wardrobe.py || src/ingest_wardrobe.py,src/ingest_wardrobe.py
2,22814,7010b7e5b311e358f7a83705c03283fb71fa606e,_release_staging/CapsuleWardrobeRAG/ontology/ontology_part_02_taxonomy.md || ontology/ontology_part_02_taxonomy.md,ontology/ontology_part_02_taxonomy.md
2,19295,27b03fba7b748c064e55184d51c149aa2db58bed,_release_staging/CapsuleWardrobeRAG/src/web_dashboard.py || src/web_dashboard.py,src/web_dashboard.py
2,17673,910fa8bc427109388b1567f389d6cb948a1e924c,_release_staging/CapsuleWardrobeRAG/src/ontology_runtime.py || src/ontology_runtime.py,src/ontology_runtime.py
2,16799,fc151a13ad34bd8720e78fdb3725edb67e82cced,_release_staging/CapsuleWardrobeRAG/templates/index.html || templates/index.html,templates/index.html
2,15290,ca142af51a1da26fe93c0f6d14833412dac14f37,_release_staging/CapsuleWardrobeRAG/tools/project_audit_dump.py || tools/project_audit_dump.py,tools/project_audit_dump.py
2,12830,27aac166e130a337afa9db3b3e0dafe3f77129e5,_release_staging/CapsuleWardrobeRAG/ontology/ontology_part_05_materials_sustainability_certifications.md || ontology/ontology_part_05_materials_sustainability_certifications.md,ontology/ontology_part_05_materials_sustainability_certifications.md
2,11211,2f1f0123b004c4b0e15060da2a78a75fba1207bf,_release_staging/CapsuleWardrobeRAG/src/run_registry.py || src/run_registry.py,src/run_registry.py
2,11037,da2dca7691d3b8e19b50f7bfaea2a64b07ecce2f,docs/_snapshot/handoff_20260301-161316/ontology_runtime_dump.json || docs/_snapshot/latest/ontology_runtime_dump.json,
2,10940,d0bdf355947779a1310ea1e47ce9aef47957a8ec,_release_staging/CapsuleWardrobeRAG/src/category_map.py || src/category_map.py,src/category_map.py
2,10186,ddcde27590a3bafa56f372e184e8822865515152,_release_staging/CapsuleWardrobeRAG/docs/ENGINEERING_MANIFEST_v2.0.md || docs/ENGINEERING_MANIFEST_v2.0.md,docs/ENGINEERING_MANIFEST_v2.0.md
2,9604,0e9bc0a5174f75f8f629ec3ad18e3c6a6919f20d,_release_staging/CapsuleWardrobeRAG/tools/ontology_runtime_dump.py || tools/ontology_runtime_dump.py,tools/ontology_runtime_dump.py
2,9468,8373eb6ace66d78ec95fc0e3440238bc6a051379,_release_staging/CapsuleWardrobeRAG/ontology/ontology_part_09_qa_glossary_ambiguities.md || ontology/ontology_part_09_qa_glossary_ambiguities.md,ontology/ontology_part_09_qa_glossary_ambiguities.md
2,8591,3d45a2d8567a74e890980f7176d8ab1e8f045b9f,_release_staging/CapsuleWardrobeRAG/src/web_dashboard.py.bak || src/web_dashboard.py.bak,src/web_dashboard.py.bak
2,8033,a37c1c01753bf23e1e849c2b71b49d345de9ae65,_release_staging/CapsuleWardrobeRAG/tools/project_data_snapshot.py || tools/project_data_snapshot.py,tools/project_data_snapshot.py
2,7909,8188d3d9e748f386ba497f00eff3330758714079,_release_staging/CapsuleWardrobeRAG/tools/secret_scan.py || tools/secret_scan.py,tools/secret_scan.py
2,7615,9f42a27072c0ff3c2445660c828c406fa06132aa,_release_staging/CapsuleWardrobeRAG/tools/ingest_recover.py || tools/ingest_recover.py,tools/ingest_recover.py
2,7583,8025b7b1ad5d8388fefe80a8ca78af3fcf06c136,_release_staging/CapsuleWardrobeRAG/templates/admin_item_edit.html || templates/admin_item_edit.html,templates/admin_item_edit.html
2,7431,c93c08b1e08e38771f704404d40ac939f74ed6d8,_release_staging/CapsuleWardrobeRAG/tools/handoff_make.py || tools/handoff_make.py,tools/handoff_make.py
2,7124,161b747db41a5560733b3488ae85ed6ce1e3e373,_release_staging/CapsuleWardrobeRAG/src/api_main.py || src/api_main.py,src/api_main.py
2,6725,14ab75b419d7caf5dae8144f01d4b80e2c87eee0,_release_staging/CapsuleWardrobeRAG/tests/test_api_v2_crud.py || tests/test_api_v2_crud.py,tests/test_api_v2_crud.py
2,6623,15450db09f05d7a636a4a3d720a44fb025a82359,_release_staging/CapsuleWardrobeRAG/src/db_schema.py || src/db_schema.py,src/db_schema.py
2,6300,eea80c3f069cf79844dd9cfe4260ca0efba79cf5,Wardrobe_Studio_Starten.bat || _release_staging/CapsuleWardrobeRAG/Wardrobe_Studio_Starten.bat,Wardrobe_Studio_Starten.bat
2,5370,fdd2524444ccfaac2d3f2a93355b240a14935d34,_release_staging/CapsuleWardrobeRAG/src/settings.py || src/settings.py,src/settings.py
2,5227,e5008af157a5bf12c8f1f1fb797ed04b1fb351d2,docs/_snapshot/handoff_20260301-161316/data_snapshot.md || docs/_snapshot/latest/data_snapshot.md,
2,4979,dddfaf0cbcf628d30b3031bd91f6baaaf5999414,_release_staging/CapsuleWardrobeRAG/templates/item_detail.html || templates/item_detail.html,templates/item_detail.html
2,4901,47a44ab6eef84c3b3e0ce4c1cc05facd0a55eb32,_release_staging/CapsuleWardrobeRAG/docs/ENGINEERING_GUIDELINES.md || docs/ENGINEERING_GUIDELINES.md,docs/ENGINEERING_GUIDELINES.md
2,4488,fdee3c82a22b61c6c7b57536f019fb055ebd6830,_release_staging/CapsuleWardrobeRAG/tools/handoff_snapshot.ps1 || tools/handoff_snapshot.ps1,tools/handoff_snapshot.ps1
2,4397,06aa4e48a02c89b25b9bcd92816a9b16baa13bc1,_release_staging/CapsuleWardrobeRAG/tools/handoff_make_run.py || tools/handoff_make_run.py,tools/handoff_make_run.py
2,3927,0d6c52b4ea0a97353a6aa76ad307401d0487f0e0,_release_staging/CapsuleWardrobeRAG/tools/handoff_make.ps1 || tools/handoff_make.ps1,tools/handoff_make.ps1
2,3638,8f77a3f5d60c598b6475816b8392f9b7646f6a43,_release_staging/CapsuleWardrobeRAG/tests/test_ingest_wardrobe_idempotence.py || tests/test_ingest_wardrobe_idempotence.py,tests/test_ingest_wardrobe_idempotence.py
2,3638,f603ff10c194a0189ccc8c6cab44ec7948dbeff2,02_wardrobe_images/karen/25 Tamaris Winterstiefel/25 Tamaris Winterstiefel.txt || _release_staging/CapsuleWardrobeRAG/02_wardrobe_images/karen/25 Tamaris Winterstiefel/25 Tamaris Winterstiefel.txt,
2,3522,938bc875aedde84ab904fcd009caf971c45a1566,02_wardrobe_images/karen/dunkelblaues-jeanskleid-in-a-linie-mit-langem-frontreissverschluss-und-bindeguertel_186/dunkelblaues Jeanskleid in A-Form von der Firma Shigo aus der Kollektion von Miyabi Kawai fü.txt || _release_staging/CapsuleWardrobeRAG/02_wardrobe_images/karen/dunkelblaues-jeanskleid-in-a-linie-mit-langem-frontreissverschluss-und-bindeguertel_186/dunkelblaues Jeanskleid in A-Form von der Firma Shigo aus der Kollektion von Miyabi Kawai fü.txt,
2,3373,5d1197be124f9403fe31fd8b39f3c32feebbbe82,_release_staging/CapsuleWardrobeRAG/tests/test_error_contract.py || tests/test_error_contract.py,tests/test_error_contract.py
2,3185,dc4e38ace2fde927bef8eed292af4472f5a12ea9,02_wardrobe_images/karen/jackett-wickelkleid-mit-blazerkragen-und-bindeguertel_191/Jackett-Kleid von der Firma Chico aus der Kollektion von Miyabi Kawaii.txt || _release_staging/CapsuleWardrobeRAG/02_wardrobe_images/karen/jackett-wickelkleid-mit-blazerkragen-und-bindeguertel_191/Jackett-Kleid von der Firma Chico aus der Kollektion von Miyabi Kawaii.txt,
2,3129,131ab2c059ccf452a93d981075229bcf40be2cb9,_release_staging/CapsuleWardrobeRAG/tools/runs_report.py || tools/runs_report.py,tools/runs_report.py
2,3032,1349e359bce6a5a480b6c6116c6c7aaae50e1c4f,_release_staging/CapsuleWardrobeRAG/tools/project_sanity_check.py || tools/project_sanity_check.py,tools/project_sanity_check.py
2,3005,ff5ad9022aee5ba0a7279389608a59c4c78529a9,02_wardrobe_images/karen/sehr-helle-jeansjacke_210/sehr helle Jeansjacke von der Firma Mango.txt || _release_staging/CapsuleWardrobeRAG/02_wardrobe_images/karen/sehr-helle-jeansjacke_210/sehr helle Jeansjacke von der Firma Mango.txt,
2,2966,f7fc157027e53eba0fb84612661e3fc8b2da7a45,02_wardrobe_images/karen/schmuck58/schmuck58.txt || _release_staging/CapsuleWardrobeRAG/02_wardrobe_images/karen/schmuck58/schmuck58.txt,
2,2939,3bcd3a393016105d3008d5932c15e42a6ac7e51b,_release_staging/CapsuleWardrobeRAG/docs/PROJECT_STATE.md || docs/PROJECT_STATE.md,docs/PROJECT_STATE.md
2,2927,b7c73b77c936906bce72146ad626295ff79208f7,_release_staging/CapsuleWardrobeRAG/tests/test_web_dashboard_legacy_api_auth.py || tests/test_web_dashboard_legacy_api_auth.py,tests/test_web_dashboard_legacy_api_auth.py
2,2854,dc62866c4590833f5d1756777c41176b1491cdcc,_release_staging/CapsuleWardrobeRAG/ontology/color_lexicon.yaml || ontology/color_lexicon.yaml,ontology/color_lexicon.yaml
2,2752,0b5040e6509464aeebb4c675267fd6cb42f3114f,02_wardrobe_images/karen/Kurzmantel von der Firma Hessnatur/Kurzmantel von der Firma Hessnatur.txt || _release_staging/CapsuleWardrobeRAG/02_wardrobe_images/karen/Kurzmantel von der Firma Hessnatur/Kurzmantel von der Firma Hessnatur.txt,
2,2669,f80e0475a6f2d47a0ce6edd24ee524b37a879f32,02_wardrobe_images/karen/Schwarzes Shirt-Blusenkleid Hemd-Shirtkleid/Schwarzes Shirt-Blusenkleid Hemd-Shirtkleid.txt || _release_staging/CapsuleWardrobeRAG/02_wardrobe_images/karen/Schwarzes Shirt-Blusenkleid Hemd-Shirtkleid/Schwarzes Shirt-Blusenkleid Hemd-Shirtkleid.txt,
2,2666,ced2f5b37ea93f2815ef690a6e285930db2c4e0c,02_wardrobe_images/karen/tasche07/tasche07.txt || _release_staging/CapsuleWardrobeRAG/02_wardrobe_images/karen/tasche07/tasche07.txt,
2,2643,61a4bc31a74712eca9737c4452f0a44460ce4c32,02_wardrobe_images/karen/Trenchcoat mit Kapuze in der Farbe Olivgrün/Trenchcoat mit Kapuze in der Farbe Olivgrün.txt || _release_staging/CapsuleWardrobeRAG/02_wardrobe_images/karen/Trenchcoat mit Kapuze in der Farbe Olivgrün/Trenchcoat mit Kapuze in der Farbe Olivgrün.txt,
2,2614,ba9f1b08574e5da4eb5d079d5e9d465fec0824df,_release_staging/CapsuleWardrobeRAG/src/logging_config.py || src/logging_config.py,src/logging_config.py
2,2606,9add15191df9f9f9ea191c3715b729ea3c6b5361,02_wardrobe_images/karen/schwarze Winterjacke von der Firma Polarino/schwarze Winterjacke von der Firma Polarino.txt || _release_staging/CapsuleWardrobeRAG/02_wardrobe_images/karen/schwarze Winterjacke von der Firma Polarino/schwarze Winterjacke von der Firma Polarino.txt,
2,2523,ea829dc47e5be8a98e7d9b25cdda90610a82b197,_release_staging/CapsuleWardrobeRAG/docs/ARCHITECTURE.md || docs/ARCHITECTURE.md,docs/ARCHITECTURE.md
2,2519,d13a6c91aaebabfeda26c6fd3697b61d016ddf97,02_wardrobe_images/karen/knielanges Kleid in den Grundfarben schwarz und gelb bedruckt mit Blüten/knielanges Kleid in den Grundfarben schwarz und gelb bedruckt mit Blüten.txt || _release_staging/CapsuleWardrobeRAG/02_wardrobe_images/karen/knielanges Kleid in den Grundfarben schwarz und gelb bedruckt mit Blüten/knielanges Kleid in den Grundfarben schwarz und gelb bedruckt mit Blüten.txt,
2,2473,cbb7276d188e77c919e320b2187174f8becb78aa,_release_staging/CapsuleWardrobeRAG/ontology/ontology_part_01_overview.md || ontology/ontology_part_01_overview.md,ontology/ontology_part_01_overview.md
2,2461,a76138f2ad78d89fe5a88aeff214d0f91612de6c,02_wardrobe_images/karen/schmuck39/schmuck39.txt || _release_staging/CapsuleWardrobeRAG/02_wardrobe_images/karen/schmuck39/schmuck39.txt,
2,2435,2fc9e8d1cf31cd5d7f05af474d2ac3cd91a12bfb,02_wardrobe_images/karen/Oversized Hemdkleid von der Firma Hess Natur aus der Kollektion Wunderkind/Oversized Hemdkleid von der Firma Hess Natur aus der Kollektion Wunderkind.txt || _release_staging/CapsuleWardrobeRAG/02_wardrobe_images/karen/Oversized Hemdkleid von der Firma Hess Natur aus der Kollektion Wunderkind/Oversized Hemdkleid von der Firma Hess Natur aus der Kollektion Wunderkind.txt,
2,2391,bff6447c56423b1c98261125db43a7cc1dd44643,_release_staging/CapsuleWardrobeRAG/docs/WORKING_AGREEMENT.md || docs/WORKING_AGREEMENT.md,docs/WORKING_AGREEMENT.md
2,2360,30fc18a7412144f04890013b9e9f37145c1b9495,02_wardrobe_images/karen/22 Sneaker Michael Kors Gold/22 Sneaker Michael Kors Gold.txt || _release_staging/CapsuleWardrobeRAG/02_wardrobe_images/karen/22 Sneaker Michael Kors Gold/22 Sneaker Michael Kors Gold.txt,
2,2305,c766824735bacecede89ebb6f7aa0acf05a173bb,_release_staging/CapsuleWardrobeRAG/src/error_contract.py || src/error_contract.py,src/error_contract.py
2,2299,2e3b0810852d15511b1c6f89617cf9f62d6ef72a,02_wardrobe_images/andreas/Pailletten Jacket/Pailletten Jacket.txt || _release_staging/CapsuleWardrobeRAG/02_wardrobe_images/andreas/Pailletten Jacket/Pailletten Jacket.txt,
2,2260,07d6a3d8df1e16cf0b3295c3741a7d8adb52ae07,02_wardrobe_images/karen/schmuck47/schmuck47.txt || _release_staging/CapsuleWardrobeRAG/02_wardrobe_images/karen/schmuck47/schmuck47.txt,
2,2239,a54d220bbc494541ca1e7d5d85fa66481285dac5,02_wardrobe_images/karen/schmuck33/schmuck33.txt || _release_staging/CapsuleWardrobeRAG/02_wardrobe_images/karen/schmuck33/schmuck33.txt,
2,2214,5df77c3fa0e28f9b98fc26eafe4c1bd7d5c6caf4,_release_staging/CapsuleWardrobeRAG/docs/RUNBOOK.md || docs/RUNBOOK.md,docs/RUNBOOK.md
2,2202,1488c3e0b1f8f552e78da39dfcbfe6d112b918dc,02_wardrobe_images/karen/tasche12/tasche12.txt || _release_staging/CapsuleWardrobeRAG/02_wardrobe_images/karen/tasche12/tasche12.txt,
2,2201,329fc87f966381750a4575144afbeb4f1881c1b3,02_wardrobe_images/karen/schwarze Kunstlederjacke in Biker-Optik/schwarze Kunstlederjacke in Biker-Optik.txt || _release_staging/CapsuleWardrobeRAG/02_wardrobe_images/karen/schwarze Kunstlederjacke in Biker-Optik/schwarze Kunstlederjacke in Biker-Optik.txt,
2,2174,e98ae02e74ac71b5e807fd351546667c28b7d9dd,02_wardrobe_images/karen/tasche06/tasche06.txt || _release_staging/CapsuleWardrobeRAG/02_wardrobe_images/karen/tasche06/tasche06.txt,
2,2170,2d6dcd507fe6190d56c7c7ff6ffabcd536059b29,_release_staging/CapsuleWardrobeRAG/tests/test_run_registry.py || tests/test_run_registry.py,tests/test_run_registry.py
2,2166,6f12e7494885afd0957a6a3a69ecf1073fc4bd14,_release_staging/CapsuleWardrobeRAG/tests/test_dashboard_index_filters.py || tests/test_dashboard_index_filters.py,tests/test_dashboard_index_filters.py
2,2119,074b79add9dda643df14e97e9f20b16ca934573d,02_wardrobe_images/karen/schmuck30/schmuck30.txt || _release_staging/CapsuleWardrobeRAG/02_wardrobe_images/karen/schmuck30/schmuck30.txt,
2,2119,a000feca20ba1f798c12bb73fbd67c147f14ea84,_release_staging/CapsuleWardrobeRAG/tests/test_run_registry_redaction.py || tests/test_run_registry_redaction.py,tests/test_run_registry_redaction.py
2,2096,a1866c675039977975f09ef9555c348246d02862,_release_staging/CapsuleWardrobeRAG/tests/test_web_dashboard_v1_inventory_fields.py || tests/test_web_dashboard_v1_inventory_fields.py,tests/test_web_dashboard_v1_inventory_fields.py
2,2095,d559e69873a1bb68dd89cd51e18e7b766d507690,02_wardrobe_images/karen/Bodycon Dress aus der Marks Spencer Collection in der UK-Größe 18/Bodycon Dress aus der Marks Spencer Collection in der UK-Größe 18.txt || _release_staging/CapsuleWardrobeRAG/02_wardrobe_images/karen/Bodycon Dress aus der Marks Spencer Collection in der UK-Größe 18/Bodycon Dress aus der Marks Spencer Collection in der UK-Größe 18.txt,
2,2053,6f894ea3a99407079729621aa25d178fc36047c1,02_wardrobe_images/karen/21 Sneaker Michael Kors Dunkelbraun/21 Sneaker Michael Kors Dunkelbraun.txt || _release_staging/CapsuleWardrobeRAG/02_wardrobe_images/karen/21 Sneaker Michael Kors Dunkelbraun/21 Sneaker Michael Kors Dunkelbraun.txt,
2,2052,f2d4560b94d96ffd0483e06c7013dd2235b0ff89,02_wardrobe_images/karen/Tasche03/Tasche03.txt || _release_staging/CapsuleWardrobeRAG/02_wardrobe_images/karen/Tasche03/Tasche03.txt,
2,2047,80adc030a1b745b422212dff05ee3cbf8ffb2540,_release_staging/CapsuleWardrobeRAG/src/reset_folders.py || src/reset_folders.py,src/reset_folders.py
2,2031,89f72dce6f6dfabb39adf68f03e65d5001e38d63,02_wardrobe_images/karen/schmuck38/schmuck38.txt || _release_staging/CapsuleWardrobeRAG/02_wardrobe_images/karen/schmuck38/schmuck38.txt,
2,1996,76c5ce6777d691a621746154f7b0a3a60dfe8dd6,02_wardrobe_images/karen/schmuck41/schmuck41.txt || _release_staging/CapsuleWardrobeRAG/02_wardrobe_images/karen/schmuck41/schmuck41.txt,
2,1994,792875299131da37107c4ffa4950833373635924,02_wardrobe_images/karen/31 Timberland Winterstiefel/31 Timberland Winterstiefel.txt || _release_staging/CapsuleWardrobeRAG/02_wardrobe_images/karen/31 Timberland Winterstiefel/31 Timberland Winterstiefel.txt,
2,1975,73d1cd9b8a4d28e55f3317f9ded0e9b35ddf41aa,02_wardrobe_images/karen/knielanges Bodycon-Dress von der Firma Marks Spencer aus der Collection/knielanges Bodycon-Dress von der Firma Marks Spencer aus der Collection.txt || _release_staging/CapsuleWardrobeRAG/02_wardrobe_images/karen/knielanges Bodycon-Dress von der Firma Marks Spencer aus der Collection/knielanges Bodycon-Dress von der Firma Marks Spencer aus der Collection.txt,
2,1972,cfc762ef1ffef81f4783b671de193377297d7283,docs/_snapshot/handoff_20260301-161316/ontology_runtime_summary.md || docs/_snapshot/latest/ontology_runtime_summary.md,
2,1970,85220f82656c928826627c2d4afbbd84d37a4a75,02_wardrobe_images/karen/schwarzes Kunstlederkleid von der Firma Curvy Me/schwarzes Kunstlederkleid von der Firma Curvy Me.txt || _release_staging/CapsuleWardrobeRAG/02_wardrobe_images/karen/schwarzes Kunstlederkleid von der Firma Curvy Me/schwarzes Kunstlederkleid von der Firma Curvy Me.txt,
2,1960,e8562d8eae97f04cb16614a810975a13cb86e2a9,02_wardrobe_images/karen/tasche14/tasche14.txt || _release_staging/CapsuleWardrobeRAG/02_wardrobe_images/karen/tasche14/tasche14.txt,
2,1954,96a0111899e7000ce5e6d54f3b1daebea7cb6939,02_wardrobe_images/karen/tasche08/tasche08.txt || _release_staging/CapsuleWardrobeRAG/02_wardrobe_images/karen/tasche08/tasche08.txt,
2,1939,a993494035a74c4748b929d682fd54c40ffc123a,02_wardrobe_images/karen/midikleid-in-beige-mit-animal-print-v-ausschnitt-3-4-arm-stufenrock-empire-nahe-taille_205/wadenlanges Kleid in der Grundfarbe Beige mit einem Tierfellprint.txt || _release_staging/CapsuleWardrobeRAG/02_wardrobe_images/karen/midikleid-in-beige-mit-animal-print-v-ausschnitt-3-4-arm-stufenrock-empire-nahe-taille_205/wadenlanges Kleid in der Grundfarbe Beige mit einem Tierfellprint.txt,
2,1933,19bdb1b89c9fcfb3869fe7ffcdb4ed2f4e4ae7e9,02_wardrobe_images/karen/trippen-zweifarbiger-leder-derby-rot_57/33 TRippen Halbschuh Rot.txt || _release_staging/CapsuleWardrobeRAG/02_wardrobe_images/karen/trippen-zweifarbiger-leder-derby-rot_57/33 TRippen Halbschuh Rot.txt,
2,1921,308c0320b9081c99939bf093cc1cebf6876f43fb,02_wardrobe_images/karen/Shirt aus Modalmix cremeweiß/Shirt aus Modalmix cremeweiß.txt || _release_staging/CapsuleWardrobeRAG/02_wardrobe_images/karen/Shirt aus Modalmix cremeweiß/Shirt aus Modalmix cremeweiß.txt,
2,1920,664be7346a886ee72f3c2f5f97887596862e147a,_release_staging/CapsuleWardrobeRAG/src/wardrobe_stylist.py || src/wardrobe_stylist.py,src/wardrobe_stylist.py
2,1920,a30b61054a68441285169319c498e4702a93221e,02_wardrobe_images/karen/fliederfarbenes Mibi-Kleid/fliederfarbenes Mibi-Kleid.txt || _release_staging/CapsuleWardrobeRAG/02_wardrobe_images/karen/fliederfarbenes Mibi-Kleid/fliederfarbenes Mibi-Kleid.txt,
2,1909,7dad6477181a30b37274c794c4ded0fcd8c10146,02_wardrobe_images/karen/Shirt aus Modalmix lila/Shirt aus Modalmix lila.txt || _release_staging/CapsuleWardrobeRAG/02_wardrobe_images/karen/Shirt aus Modalmix lila/Shirt aus Modalmix lila.txt,
2,1908,3ce00d56b36ddbc14083afae2c3de43248c5d532,_release_staging/CapsuleWardrobeRAG/src/check_db.py || src/check_db.py,src/check_db.py
2,1907,aabc221f4a3be37d5b4fd3df8c99709910126d20,_release_staging/CapsuleWardrobeRAG/docs/CHAT_HANDOFF_TEMPLATE.md || docs/CHAT_HANDOFF_TEMPLATE.md,docs/CHAT_HANDOFF_TEMPLATE.md
2,1904,324b614aa17d7f7cf4cd8f49ac02785d723c2959,02_wardrobe_images/karen/kurzes olivfarbiges Kunstlederkleid von der Firma Samoon/kurzes olivfarbiges Kunstlederkleid von der Firma Samoon.txt || _release_staging/CapsuleWardrobeRAG/02_wardrobe_images/karen/kurzes olivfarbiges Kunstlederkleid von der Firma Samoon/kurzes olivfarbiges Kunstlederkleid von der Firma Samoon.txt,
2,1901,ce1d719fdb46d86fd07e7bd6de53e1c04643fff0,02_wardrobe_images/karen/knielanges Kleid von der Firma Hess Natur aus der Kollektion Wunderkind/knielanges Kleid von der Firma Hess Natur aus der Kollektion Wunderkind.txt || _release_staging/CapsuleWardrobeRAG/02_wardrobe_images/karen/knielanges Kleid von der Firma Hess Natur aus der Kollektion Wunderkind/knielanges Kleid von der Firma Hess Natur aus der Kollektion Wunderkind.txt,
2,1897,dfcad1e21a1da089e26aedfca33de71c061d6506,_release_staging/CapsuleWardrobeRAG/src/update_db_schema.py || src/update_db_schema.py,src/update_db_schema.py
2,1891,25be92f85e0a2f457528a8b44e8e037137aa2e8a,02_wardrobe_images/karen/schmuck31/schmuck31.txt || _release_staging/CapsuleWardrobeRAG/02_wardrobe_images/karen/schmuck31/schmuck31.txt,
2,1878,981d75c24fc359bc44487a9ee8fff7aba26d9a7f,02_wardrobe_images/karen/a-linien-webkleid-mit-zwei-volants_206/Webkleid mit zwei Volants in einem waschenden Blau.txt || _release_staging/CapsuleWardrobeRAG/02_wardrobe_images/karen/a-linien-webkleid-mit-zwei-volants_206/Webkleid mit zwei Volants in einem waschenden Blau.txt,
2,1872,812213c943b301b48820fe696552da41edd4d8cd,02_wardrobe_images/karen/tasche05/tasche05.txt || _release_staging/CapsuleWardrobeRAG/02_wardrobe_images/karen/tasche05/tasche05.txt,
2,1866,f6b7613bcda101c4b6c5109af978c8d8829ae726,02_wardrobe_images/karen/schmuck52/schmuck52.txt || _release_staging/CapsuleWardrobeRAG/02_wardrobe_images/karen/schmuck52/schmuck52.txt,
2,1857,470a21eda02f7b7a8166b96eb7b1e7b97689964c,02_wardrobe_images/karen/hellblaues-wadenlanges-hemdblusenkleid-aus-baumwolle-mit-stoffguertel_189/hellblaues Kleid wadenlang von der Firma Hess Natur aus der Kollektion Wunderkind.txt || _release_staging/CapsuleWardrobeRAG/02_wardrobe_images/karen/hellblaues-wadenlanges-hemdblusenkleid-aus-baumwolle-mit-stoffguertel_189/hellblaues Kleid wadenlang von der Firma Hess Natur aus der Kollektion Wunderkind.txt,
2,1836,012df6a355d8ccfc4eec2e91e34a4319bd4a9e40,_release_staging/CapsuleWardrobeRAG/tests/test_ingest_wardrobe_dry_run.py || tests/test_ingest_wardrobe_dry_run.py,tests/test_ingest_wardrobe_dry_run.py
2,1812,7b389a80ccff7788cce2df7cf46c75729894141d,02_wardrobe_images/karen/schmuck40/schmuck40.txt || _release_staging/CapsuleWardrobeRAG/02_wardrobe_images/karen/schmuck40/schmuck40.txt,
2,1789,65f5baaf1ad71689ea4ee9c813fde27a3add2674,02_wardrobe_images/karen/Brosche von Swarovski/Brosche von Swarovski.txt || _release_staging/CapsuleWardrobeRAG/02_wardrobe_images/karen/Brosche von Swarovski/Brosche von Swarovski.txt,
2,1776,572177197bfeef515218b66eb827d02864e01165,02_wardrobe_images/karen/tasche04/tasche04.txt || _release_staging/CapsuleWardrobeRAG/02_wardrobe_images/karen/tasche04/tasche04.txt,
2,1764,b9ee4db08c897baced2dd4d21102f0c313904016,_release_staging/CapsuleWardrobeRAG/tests/test_admin_item_edit_context_select.py || tests/test_admin_item_edit_context_select.py,tests/test_admin_item_edit_context_select.py
2,1763,a5ec31a6d7fd1c6c431a4856a4905df6794ea8d7,02_wardrobe_images/karen/schmuck37/schmuck37.txt || _release_staging/CapsuleWardrobeRAG/02_wardrobe_images/karen/schmuck37/schmuck37.txt,
2,1758,86064eded7821dfd9741ae51d6e56084e00c9f33,02_wardrobe_images/karen/schmuck36/schmuck36.txt || _release_staging/CapsuleWardrobeRAG/02_wardrobe_images/karen/schmuck36/schmuck36.txt,
2,1732,a323fe5144de3bf5cbc67e9e7d7ef1c40b6cbcf9,02_wardrobe_images/karen/schmuck62/schmuck62.txt || _release_staging/CapsuleWardrobeRAG/02_wardrobe_images/karen/schmuck62/schmuck62.txt,
2,1723,0b30ba048042c00f9aaf19f3d146145b8cbdc6c2,02_wardrobe_images/karen/tasche09/tasche09.txt || _release_staging/CapsuleWardrobeRAG/02_wardrobe_images/karen/tasche09/tasche09.txt,
2,1695,c2339f46668912125ee374b4b571002536fe3591,_release_staging/CapsuleWardrobeRAG/tests/test_db_schema_migration.py || tests/test_db_schema_migration.py,tests/test_db_schema_migration.py
2,1652,ae6f858a68079155b1652989dc413f4d21c31f12,02_wardrobe_images/karen/schwarzes-sweatshirt-kleid-mit-struktur_204/Sweatshirt-Kleid von der Firma Taifun.txt || _release_staging/CapsuleWardrobeRAG/02_wardrobe_images/karen/schwarzes-sweatshirt-kleid-mit-struktur_204/Sweatshirt-Kleid von der Firma Taifun.txt,
2,1644,9fdcfa1a274928aa3b74f07aea5b99fedb0abf4e,_release_staging/CapsuleWardrobeRAG/src/init_project.py || src/init_project.py,src/init_project.py
2,1632,57b03dd86f5e33a00f65a0d0eb068ed49017a4c4,02_wardrobe_images/karen/Mini-Jeans-Kleid/Mini-Jeans-Kleid.txt || _release_staging/CapsuleWardrobeRAG/02_wardrobe_images/karen/Mini-Jeans-Kleid/Mini-Jeans-Kleid.txt,
2,1608,aec69a35a7fba28bbff022d48899e8805359eb00,02_wardrobe_images/karen/Etuikleid von der Firma Hess Natur/Etuikleid von der Firma Hess Natur.txt || _release_staging/CapsuleWardrobeRAG/02_wardrobe_images/karen/Etuikleid von der Firma Hess Natur/Etuikleid von der Firma Hess Natur.txt,
2,1588,26e8cbbf113e84eed23fd51c5f574aa9853a67b3,02_wardrobe_images/karen/timberland-lug-sole-boat-shoe-moc-toe-dark-brown-leather_36/12 Bootsschuh der Firma Timberland.txt || _release_staging/CapsuleWardrobeRAG/02_wardrobe_images/karen/timberland-lug-sole-boat-shoe-moc-toe-dark-brown-leather_36/12 Bootsschuh der Firma Timberland.txt,
2,1580,4540357b8952ebdc2923cceadc0479f732bcd3a1,02_wardrobe_images/karen/26 Firma Trippen schwarzes LEder/26 Firma Trippen schwarzes LEder.txt || _release_staging/CapsuleWardrobeRAG/02_wardrobe_images/karen/26 Firma Trippen schwarzes LEder/26 Firma Trippen schwarzes LEder.txt,
2,1575,071c6765cf50868ad5aa1d826c69a87b92f0b5a1,02_wardrobe_images/karen/set-4-perlenarmbaender-kunststoff-in-creme-perlweiss_121/schmuck35.txt || _release_staging/CapsuleWardrobeRAG/02_wardrobe_images/karen/set-4-perlenarmbaender-kunststoff-in-creme-perlweiss_121/schmuck35.txt,
2,1561,f440f35d19d2c52486e3cc5927b568cc5a2dddd9,02_wardrobe_images/karen/schmuck79/schmuck79.txt || _release_staging/CapsuleWardrobeRAG/02_wardrobe_images/karen/schmuck79/schmuck79.txt,
2,1536,25f7c9e9cc7e41a297eab240b9ffc7c151ea98a8,02_wardrobe_images/karen/schuhe trippen lederstieflette/schuhe trippen lederstieflette.txt || _release_staging/CapsuleWardrobeRAG/02_wardrobe_images/karen/schuhe trippen lederstieflette/schuhe trippen lederstieflette.txt,
2,1533,76025330834274245d039e0b7ea7d49f1ddf5659,_release_staging/CapsuleWardrobeRAG/tests/test_secret_scan.py || tests/test_secret_scan.py,tests/test_secret_scan.py
2,1531,bf75c934d35413550f469351c8b143245ab37eb8,02_wardrobe_images/karen/23 Sneaker Adidas Veloursleder/23 Sneaker Adidas Veloursleder.txt || _release_staging/CapsuleWardrobeRAG/02_wardrobe_images/karen/23 Sneaker Adidas Veloursleder/23 Sneaker Adidas Veloursleder.txt,
2,1519,82aa69436e72550a3f337b2e5a16e528007ebe03,02_wardrobe_images/karen/tasche11/tasche11.txt || _release_staging/CapsuleWardrobeRAG/02_wardrobe_images/karen/tasche11/tasche11.txt,
2,1512,a71428e833be353b73abf94e147c08c7354ce353,02_wardrobe_images/karen/uhr01/uhr01.txt || _release_staging/CapsuleWardrobeRAG/02_wardrobe_images/karen/uhr01/uhr01.txt,
2,1496,dc2c87dedef27e02823c4bf4244c7771077ef3bf,02_wardrobe_images/karen/Strickpullover blau/Strickpullover blau.txt || _release_staging/CapsuleWardrobeRAG/02_wardrobe_images/karen/Strickpullover blau/Strickpullover blau.txt,
2,1489,14dbbd6d2dda4b546ea0c1530afc51179535e8e0,02_wardrobe_images/karen/schmuck71/schmuck71.txt || _release_staging/CapsuleWardrobeRAG/02_wardrobe_images/karen/schmuck71/schmuck71.txt,
2,1488,0b8e587cd977399cd18140d5ca31f6495fa5d011,02_wardrobe_images/karen/schmuck82/schmuck82.txt || _release_staging/CapsuleWardrobeRAG/02_wardrobe_images/karen/schmuck82/schmuck82.txt,
2,1481,c864bb062530947a2d0e557edd96af4e64619d30,02_wardrobe_images/karen/14 sportlichen Schuh der Firma Adidas/14 sportlichen Schuh der Firma Adidas.txt || _release_staging/CapsuleWardrobeRAG/02_wardrobe_images/karen/14 sportlichen Schuh der Firma Adidas/14 sportlichen Schuh der Firma Adidas.txt,
2,1478,739baa69ab4b264c8c9c8d99086221d429a1afbf,02_wardrobe_images/karen/schmuck32/schmuck32.txt || _release_staging/CapsuleWardrobeRAG/02_wardrobe_images/karen/schmuck32/schmuck32.txt,
2,1474,9c2f65ed0311ce653dc3abebd643a224c55a787f,02_wardrobe_images/karen/schmuck43/schmuck43.txt || _release_staging/CapsuleWardrobeRAG/02_wardrobe_images/karen/schmuck43/schmuck43.txt,
2,1463,8c9fd93ea7835ccb1f19b4786fd02b4bc2017e62,02_wardrobe_images/karen/Strickpullover dunkelblau/Strickpullover dunkelblau.txt || _release_staging/CapsuleWardrobeRAG/02_wardrobe_images/karen/Strickpullover dunkelblau/Strickpullover dunkelblau.txt,
2,1461,720711651efce9041ef2da0174b261518fd58ab7,02_wardrobe_images/karen/Strickpullover cremeweiß/Strickpullover cremeweiß.txt || _release_staging/CapsuleWardrobeRAG/02_wardrobe_images/karen/Strickpullover cremeweiß/Strickpullover cremeweiß.txt,
2,1456,777f6387cc2f1f0b01c354fd4a4e1ce4473e2756,_release_staging/CapsuleWardrobeRAG/src/server_entry.py || src/server_entry.py,src/server_entry.py
2,1451,8013579a6186b830bd3ab767fe56fbdcf78b299a,_release_staging/CapsuleWardrobeRAG/src/database_manager.py || src/database_manager.py,src/database_manager.py
2,1449,dfd4618da5b51599f6b29e7b72630c8d17b750de,02_wardrobe_images/karen/vintage-haarklammer-barrette-in-antiksilber-mit-strass-bluetenmotiv_142/schmuck56.txt || _release_staging/CapsuleWardrobeRAG/02_wardrobe_images/karen/vintage-haarklammer-barrette-in-antiksilber-mit-strass-bluetenmotiv_142/schmuck56.txt,
2,1432,57912fe049aba1370b22f348557db3e2bd5af3a6,02_wardrobe_images/karen/schmuck46/schmuck46.txt || _release_staging/CapsuleWardrobeRAG/02_wardrobe_images/karen/schmuck46/schmuck46.txt,
2,1410,c06941a2021d84e13d173f1c84af1af7fa1be828,02_wardrobe_images/karen/roeckl-lederhandschuhe-weinrot-burgunder_104/schmuck18.txt || _release_staging/CapsuleWardrobeRAG/02_wardrobe_images/karen/roeckl-lederhandschuhe-weinrot-burgunder_104/schmuck18.txt,
2,1396,c031ad9cf53b9c7a347aae5861f0723ce71b9243,_release_staging/CapsuleWardrobeRAG/tests/test_ingest_recover_orphan.py || tests/test_ingest_recover_orphan.py,tests/test_ingest_recover_orphan.py
2,1393,1f8c711c838d4098054000d19288a597a19addf1,02_wardrobe_images/karen/kurzes Paillettenkleid in der Farbe Schwarz/kurzes Paillettenkleid in der Farbe Schwarz.txt || _release_staging/CapsuleWardrobeRAG/02_wardrobe_images/karen/kurzes Paillettenkleid in der Farbe Schwarz/kurzes Paillettenkleid in der Farbe Schwarz.txt,
2,1393,a63800cf6a7a167c8aa49a53c196e672e0e17cd6,_release_staging/CapsuleWardrobeRAG/tests/test_ontology_color_lexicon.py || tests/test_ontology_color_lexicon.py,tests/test_ontology_color_lexicon.py
2,1386,9006d9ad0c30fa2d9fad05f86bcea08735de4812,02_wardrobe_images/karen/schmuck74/schmuck74.txt || _release_staging/CapsuleWardrobeRAG/02_wardrobe_images/karen/schmuck74/schmuck74.txt,
2,1376,03284e91ec34c2ba4c885859cb62f03eefdbdfad,_release_staging/CapsuleWardrobeRAG/tests/test_handoff_make_run_dry.py || tests/test_handoff_make_run_dry.py,tests/test_handoff_make_run_dry.py
2,1354,e06ddfe25f1d620533d4ab3bd38c3a0b95c699f6,02_wardrobe_images/karen/16 dunkelrosa Sneaker Marke Adidas/16 dunkelrosa Sneaker Marke Adidas.txt || _release_staging/CapsuleWardrobeRAG/02_wardrobe_images/karen/16 dunkelrosa Sneaker Marke Adidas/16 dunkelrosa Sneaker Marke Adidas.txt,
2,1344,99d9f410aa0f7ff1c0823ffae46bb9dc8cea23ec,02_wardrobe_images/karen/34 Trippen Sommerscuh Rot/34 Trippen Sommerscuh Rot.txt || _release_staging/CapsuleWardrobeRAG/02_wardrobe_images/karen/34 Trippen Sommerscuh Rot/34 Trippen Sommerscuh Rot.txt,
2,1343,b19189837252989492922a6715c4eff659bc286f,02_wardrobe_images/karen/schmuck50/schmuck50.txt || _release_staging/CapsuleWardrobeRAG/02_wardrobe_images/karen/schmuck50/schmuck50.txt,
2,1341,2fef911996b948858a4dd21728c0a1f76b4bbfd9,02_wardrobe_images/karen/tasche13/tasche13.txt || _release_staging/CapsuleWardrobeRAG/02_wardrobe_images/karen/tasche13/tasche13.txt,
2,1295,bdebe55fc3a4e72a0f1342144d1bbc31dd2e4003,02_wardrobe_images/karen/firmen-ansteckpin-zeiss-blau-weiss-klein_128/schmuck42.txt || _release_staging/CapsuleWardrobeRAG/02_wardrobe_images/karen/firmen-ansteckpin-zeiss-blau-weiss-klein_128/schmuck42.txt,
2,1292,7a6f334ead789ef7063b26a237401e7e64158f6c,docs/_snapshot/handoff_20260301-161316/runtime_state.md || docs/_snapshot/latest/runtime_state.md,
2,1257,1cb5864f20e82fb75d27fa4e4184442bb4eec9f9,02_wardrobe_images/karen/08 Tanzschuh für die Tanzschule/08 Tanzschuh für die Tanzschule.txt || _release_staging/CapsuleWardrobeRAG/02_wardrobe_images/karen/08 Tanzschuh für die Tanzschule/08 Tanzschuh für die Tanzschule.txt,
2,1257,6c38adaa845b1b5d4bed16a2c5f0e650aef9a049,02_wardrobe_images/karen/20 Marke Asics Sportschuh/20 Marke Asics Sportschuh.txt || _release_staging/CapsuleWardrobeRAG/02_wardrobe_images/karen/20 Marke Asics Sportschuh/20 Marke Asics Sportschuh.txt,
2,1256,42c7bb0df1581ebbd1aba1b478f42135711c0441,_release_staging/CapsuleWardrobeRAG/tools/Test-WardrobeApi.ps1 || tools/Test-WardrobeApi.ps1,tools/Test-WardrobeApi.ps1
2,1248,3082e0b4364232da219b536ee2c7418ce5d9f8c0,02_wardrobe_images/karen/32 Puma Sneaker beige/32 Puma Sneaker beige.txt || _release_staging/CapsuleWardrobeRAG/02_wardrobe_images/karen/32 Puma Sneaker beige/32 Puma Sneaker beige.txt,
2,1223,dabfa94468d7f4df9a39dc01f448196e9f3272dd,02_wardrobe_images/karen/06 hohe Pumps ist von Tamaris aus der Serie Heart/06 hohe Pumps ist von Tamaris aus der Serie Heart.txt || _release_staging/CapsuleWardrobeRAG/02_wardrobe_images/karen/06 hohe Pumps ist von Tamaris aus der Serie Heart/06 hohe Pumps ist von Tamaris aus der Serie Heart.txt,
2,1210,d7e113079c125bfca64d5316b20a73bf23d45688,02_wardrobe_images/karen/Shirt mit Volant sandfarben/Shirt mit Volant sandfarben.txt || _release_staging/CapsuleWardrobeRAG/02_wardrobe_images/karen/Shirt mit Volant sandfarben/Shirt mit Volant sandfarben.txt,
2,1190,7520b978290bf3197c5b14b6d1bbcb74f938703f,02_wardrobe_images/karen/sea2see-sasha-03-brillenfassung-bicolor-blau_120/schmuck34.txt || _release_staging/CapsuleWardrobeRAG/02_wardrobe_images/karen/sea2see-sasha-03-brillenfassung-bicolor-blau_120/schmuck34.txt,
2,1179,b193ded4e700e01c8146364162838fdf844434d8,02_wardrobe_images/karen/15 pinken Sneakern von der Marke Skechers/15 pinken Sneakern von der Marke Skechers.txt || _release_staging/CapsuleWardrobeRAG/02_wardrobe_images/karen/15 pinken Sneakern von der Marke Skechers/15 pinken Sneakern von der Marke Skechers.txt,
2,1168,2eb8056694cd81cb17ce1e7696fe32164df07fd0,02_wardrobe_images/karen/schmuck67/schmuck67.txt || _release_staging/CapsuleWardrobeRAG/02_wardrobe_images/karen/schmuck67/schmuck67.txt,
2,1163,39234c78914c6efe5a078999590ced5796826e5d,02_wardrobe_images/karen/schmuck81/schmuck81.txt || _release_staging/CapsuleWardrobeRAG/02_wardrobe_images/karen/schmuck81/schmuck81.txt,
2,1157,3dba7eb8641e7957b87db14eee0ed8f13bac6086,02_wardrobe_images/karen/schmuck75/schmuck75.txt || _release_staging/CapsuleWardrobeRAG/02_wardrobe_images/karen/schmuck75/schmuck75.txt,
2,1151,8d05b9a9c241806c33e6afdd931c69622694868c,02_wardrobe_images/karen/schmuck48/schmuck48.txt || _release_staging/CapsuleWardrobeRAG/02_wardrobe_images/karen/schmuck48/schmuck48.txt,
2,1148,925f3b75ba17cab5e676ac3c531bb4344165211e,02_wardrobe_images/karen/schmuck78/schmuck78.txt || _release_staging/CapsuleWardrobeRAG/02_wardrobe_images/karen/schmuck78/schmuck78.txt,
2,1140,95b4f6196e56fdb78f4e3f579446bf75f49bcceb,02_wardrobe_images/karen/schmuck72/schmuck72.txt || _release_staging/CapsuleWardrobeRAG/02_wardrobe_images/karen/schmuck72/schmuck72.txt,
2,1125,ab7da49ff08b50da627b424f47df52f2264f8cd4,02_wardrobe_images/karen/schmuck51/schmuck51.txt || _release_staging/CapsuleWardrobeRAG/02_wardrobe_images/karen/schmuck51/schmuck51.txt,
2,1117,f97f74a661b057d229c6d1386826b82ae05fbcdc,02_wardrobe_images/karen/29 Cowboy-Boot in Mittelbraun/29 Cowboy-Boot in Mittelbraun.txt || _release_staging/CapsuleWardrobeRAG/02_wardrobe_images/karen/29 Cowboy-Boot in Mittelbraun/29 Cowboy-Boot in Mittelbraun.txt,
2,1115,22c1ed2aebd8819f5c8a9c01428de18f5b5441d5,02_wardrobe_images/karen/schmuck28/schmuck28.txt || _release_staging/CapsuleWardrobeRAG/02_wardrobe_images/karen/schmuck28/schmuck28.txt,
2,1102,bd73caaf4b8b24f5ee67360180a3d8e52e40ce0b,02_wardrobe_images/karen/schmuck53/schmuck53.txt || _release_staging/CapsuleWardrobeRAG/02_wardrobe_images/karen/schmuck53/schmuck53.txt,
2,1087,0ce5265fad91b521e82285bf621a8c90cb8ec486,_release_staging/CapsuleWardrobeRAG/tests/test_run_registry_kpis.py || tests/test_run_registry_kpis.py,tests/test_run_registry_kpis.py
2,1071,f799ac7e0a0cf90ff9affccc3b739c50c7bb8f4e,_release_staging/CapsuleWardrobeRAG/src/models.py || src/models.py,src/models.py
2,1061,b13cf524503ec33e49f77bd9112079174c54e302,02_wardrobe_images/karen/schmuck68/schmuck68.txt || _release_staging/CapsuleWardrobeRAG/02_wardrobe_images/karen/schmuck68/schmuck68.txt,
2,1043,450affa4b9d26180f872e33583b0efeba6ed528e,02_wardrobe_images/karen/Tasche01/tasche01.txt || _release_staging/CapsuleWardrobeRAG/02_wardrobe_images/karen/Tasche01/tasche01.txt,
2,1041,fff0f0e69d9703ec3540cd8c2245d7fd6e895a40,02_wardrobe_images/karen/schmuck64/schmuck64.txt || _release_staging/CapsuleWardrobeRAG/02_wardrobe_images/karen/schmuck64/schmuck64.txt,
2,1032,fe05d985d6bc7d0f3c85a38f84b59124e08ff9a3,02_wardrobe_images/karen/schmuck24/schmuck24.txt || _release_staging/CapsuleWardrobeRAG/02_wardrobe_images/karen/schmuck24/schmuck24.txt,
2,1029,94eeaa1ec6a8c676776cfae1f3e7478876e46d93,02_wardrobe_images/karen/09 Manolo Blanik/09 Manolo Blanik.txt || _release_staging/CapsuleWardrobeRAG/02_wardrobe_images/karen/09 Manolo Blanik/09 Manolo Blanik.txt,
2,1008,34b30aee04fb3e79d5c0158a19c6f0922bf13b43,02_wardrobe_images/karen/lederarmband-mit-schleifen-schliesse_149/schmuck63.txt || _release_staging/CapsuleWardrobeRAG/02_wardrobe_images/karen/lederarmband-mit-schleifen-schliesse_149/schmuck63.txt,
2,998,e8bf9df640b07b8003d8b2706d060b90f300e1db,02_wardrobe_images/karen/navy-leather-boat-shoe-mit-heller-gummisohle_35/11 klassischen Bootsschuh mit flacher Gummisohle.txt || _release_staging/CapsuleWardrobeRAG/02_wardrobe_images/karen/navy-leather-boat-shoe-mit-heller-gummisohle_35/11 klassischen Bootsschuh mit flacher Gummisohle.txt,
2,996,6487c6532c09939c4c06845dc84dc05935befea8,02_wardrobe_images/karen/schmuck83/schmuck83.txt || _release_staging/CapsuleWardrobeRAG/02_wardrobe_images/karen/schmuck83/schmuck83.txt,
2,988,5daa5bb608d819e350c4f618720ec4194eba9754,02_wardrobe_images/karen/wollhose-mit-fischgratmuster-mittelgrau-meliert-938336/wollhose-mit-fischgratmuster-mittelgrau-meliert-938336.txt || _release_staging/CapsuleWardrobeRAG/02_wardrobe_images/karen/wollhose-mit-fischgratmuster-mittelgrau-meliert-938336/wollhose-mit-fischgratmuster-mittelgrau-meliert-938336.txt,
2,984,93588817abaa4104ecae9dc937aaf7a5fc3e96d2,02_wardrobe_images/karen/wollhose-mit-fischgratmuster-naturbeige-meliert-937781/wollhose-mit-fischgratmuster-naturbeige-meliert-937781.txt || _release_staging/CapsuleWardrobeRAG/02_wardrobe_images/karen/wollhose-mit-fischgratmuster-naturbeige-meliert-937781/wollhose-mit-fischgratmuster-naturbeige-meliert-937781.txt,
2,971,d904308be19ae1912d3766bef317e9ccf906b6c3,02_wardrobe_images/karen/schmuck44/schmuck44.txt || _release_staging/CapsuleWardrobeRAG/02_wardrobe_images/karen/schmuck44/schmuck44.txt,
2,958,88b8ea62022959169d5fe7c01139b5622ae4b2e8,02_wardrobe_images/karen/boucle-blazer-mit-dekorativen-knoepfen-dunkelblau-921827/boucle-blazer-mit-dekorativen-knoepfen-dunkelblau-921827.txt || _release_staging/CapsuleWardrobeRAG/02_wardrobe_images/karen/boucle-blazer-mit-dekorativen-knoepfen-dunkelblau-921827/boucle-blazer-mit-dekorativen-knoepfen-dunkelblau-921827.txt,
2,957,cab868f1bfddd698e69617f62d18ac4563a22ee0,02_wardrobe_images/karen/wollblazer-mit-fischgratmuster-mittelgrau-meliert-964174/wollblazer-mit-fischgratmuster-mittelgrau-meliert-964174.txt || _release_staging/CapsuleWardrobeRAG/02_wardrobe_images/karen/wollblazer-mit-fischgratmuster-mittelgrau-meliert-964174/wollblazer-mit-fischgratmuster-mittelgrau-meliert-964174.txt,
2,954,940fc593caad8deadf612f1a200eed9621603234,_release_staging/CapsuleWardrobeRAG/src/export_db.py || src/export_db.py,src/export_db.py
2,947,5b0eb85429ec2bfcfe12bf58cab23ac83c81f8bb,02_wardrobe_images/karen/schmuck90/schmuck90.txt || _release_staging/CapsuleWardrobeRAG/02_wardrobe_images/karen/schmuck90/schmuck90.txt,
2,943,a2e7b9f02bf9d55beb008c8763e412c275f2abf9,02_wardrobe_images/karen/blusenkleid-mit-schluppenkragen-chillirot-968135/blusenkleid-mit-schluppenkragen-chillirot-968135.txt || _release_staging/CapsuleWardrobeRAG/02_wardrobe_images/karen/blusenkleid-mit-schluppenkragen-chillirot-968135/blusenkleid-mit-schluppenkragen-chillirot-968135.txt,
2,942,ecd182414d12ed86099eafa979ffa7e189d59f0d,02_wardrobe_images/karen/schmuck86/schmuck86.txt || _release_staging/CapsuleWardrobeRAG/02_wardrobe_images/karen/schmuck86/schmuck86.txt,
2,941,c512b62c7e6ca9b57b8ab8b3fcbaba8965720a92,02_wardrobe_images/karen/schmuck49/schmuck49.txt || _release_staging/CapsuleWardrobeRAG/02_wardrobe_images/karen/schmuck49/schmuck49.txt,
2,939,b4501c06a943da970e347394493a669f3f6e7f8d,02_wardrobe_images/karen/blusenkleid-mit-schluppenkragen-schwarz-969830/blusenkleid-mit-schluppenkragen-schwarz-969830.txt || _release_staging/CapsuleWardrobeRAG/02_wardrobe_images/karen/blusenkleid-mit-schluppenkragen-schwarz-969830/blusenkleid-mit-schluppenkragen-schwarz-969830.txt,
2,938,40a925967d3181eadb3f02848ae1e46a6557ae54,02_wardrobe_images/karen/07 hohe Pumps ist von Tamaris aus der Serie Heart schwarz/07 hohe Pumps ist von Tamaris aus der Serie Heart schwarz.txt || _release_staging/CapsuleWardrobeRAG/02_wardrobe_images/karen/07 hohe Pumps ist von Tamaris aus der Serie Heart schwarz/07 hohe Pumps ist von Tamaris aus der Serie Heart schwarz.txt,
2,934,6f55c24701027ba523e5e9d0efaf9cfc326a2664,02_wardrobe_images/karen/17 Sneaker in Neonorange Marke Skechers/17 Sneaker in Neonorange Marke Skechers.txt || _release_staging/CapsuleWardrobeRAG/02_wardrobe_images/karen/17 Sneaker in Neonorange Marke Skechers/17 Sneaker in Neonorange Marke Skechers.txt,
2,925,0d524774035c90d96016f42a5bd44d04dfa3be30,02_wardrobe_images/karen/Hemdkleid  Shirtkleid lang fließend/Hemdkleid  Shirtkleid lang fließend.txt || _release_staging/CapsuleWardrobeRAG/02_wardrobe_images/karen/Hemdkleid  Shirtkleid lang fließend/Hemdkleid  Shirtkleid lang fließend.txt,
2,911,04e07d6e369dcef0caca9d28746c83cb65fc670d,_release_staging/CapsuleWardrobeRAG/src/logging_utils.py || src/logging_utils.py,src/logging_utils.py
2,906,39295b73774574eb3413a135c748364debc97c94,02_wardrobe_images/karen/etuikleid-aus-punto-di-roma-schwarz-wollweiss-meliert-914418/etuikleid-aus-punto-di-roma-schwarz-wollweiss-meliert-914418.txt || _release_staging/CapsuleWardrobeRAG/02_wardrobe_images/karen/etuikleid-aus-punto-di-roma-schwarz-wollweiss-meliert-914418/etuikleid-aus-punto-di-roma-schwarz-wollweiss-meliert-914418.txt,
2,901,7e6250c9ce279da799aa680ff0a216a116974242,02_wardrobe_images/karen/30 klassische Stiefelette mit seitlichem Reißverschluss/30 klassische Stiefelette mit seitlichem Reißverschluss.txt || _release_staging/CapsuleWardrobeRAG/02_wardrobe_images/karen/30 klassische Stiefelette mit seitlichem Reißverschluss/30 klassische Stiefelette mit seitlichem Reißverschluss.txt,
2,897,726d7e37397ca6c1a98c461fe9120802e74bca52,02_wardrobe_images/karen/schmuck54/schmuck54.txt || _release_staging/CapsuleWardrobeRAG/02_wardrobe_images/karen/schmuck54/schmuck54.txt,
2,895,9ad0945c0d4a1a2ee057399ff14087b843f1c8c4,02_wardrobe_images/karen/leinen-schlupfbluse-mit-puffaermeln_201/Schlupfbluse Bluse Top.txt || _release_staging/CapsuleWardrobeRAG/02_wardrobe_images/karen/leinen-schlupfbluse-mit-puffaermeln_201/Schlupfbluse Bluse Top.txt,
2,887,35467973cb9e736dfc62e5797915bf8fba71a285,02_wardrobe_images/karen/satin-schleifen-haarspange-half-up-clip_80/schmuck05.txt || _release_staging/CapsuleWardrobeRAG/02_wardrobe_images/karen/satin-schleifen-haarspange-half-up-clip_80/schmuck05.txt,
2,882,f31f55c0c8b0c6c342733d106759835d3327858b,02_wardrobe_images/karen/uhr03/uhr03.txt || _release_staging/CapsuleWardrobeRAG/02_wardrobe_images/karen/uhr03/uhr03.txt,
2,880,3cf8e6f2aa0d40471308392b032372fe75ea3156,02_wardrobe_images/karen/schmuck70/schmuck70.txt || _release_staging/CapsuleWardrobeRAG/02_wardrobe_images/karen/schmuck70/schmuck70.txt,
2,877,e9ad762a5c2c0bd5ccd1af3353df964412a189f4,02_wardrobe_images/karen/schmuck84/schmuck84.txt || _release_staging/CapsuleWardrobeRAG/02_wardrobe_images/karen/schmuck84/schmuck84.txt,
2,874,5102c33c78d424432faacec311b3f69883504bdd,02_wardrobe_images/karen/schmuck01/schmuck01.txt || _release_staging/CapsuleWardrobeRAG/02_wardrobe_images/karen/schmuck01/schmuck01.txt,
2,873,e3ceec1b686f72ec6b543f84939a94f958da9c79,docs/_snapshot/handoff_20260301-161316/handoff_summary.md || docs/_snapshot/latest/handoff_summary.md,
2,867,4702b2cafa90f873c45bce807b55d2f3f199e3b7,02_wardrobe_images/karen/schmuck89/schmuck89.txt || _release_staging/CapsuleWardrobeRAG/02_wardrobe_images/karen/schmuck89/schmuck89.txt,
2,862,28468aa9cf1af95d1d1183d2667af260c02bac7f,02_wardrobe_images/karen/wollblazer-mit-fischgratmuster-naturbeige-meliert-931633/wollblazer-mit-fischgratmuster-naturbeige-meliert-931633.txt || _release_staging/CapsuleWardrobeRAG/02_wardrobe_images/karen/wollblazer-mit-fischgratmuster-naturbeige-meliert-931633/wollblazer-mit-fischgratmuster-naturbeige-meliert-931633.txt,
2,856,a5b23332492a1fee90ad99732c02c74ec668bf66,02_wardrobe_images/karen/schmuck69/schmuck69.txt || _release_staging/CapsuleWardrobeRAG/02_wardrobe_images/karen/schmuck69/schmuck69.txt,
2,848,a3ffe5ed7b1bf1cc80852e9362bc913584ec03a8,02_wardrobe_images/karen/schmuck66/schmuck66.txt || _release_staging/CapsuleWardrobeRAG/02_wardrobe_images/karen/schmuck66/schmuck66.txt,
2,847,38570643a9637e21ab823a4c0e4b6b47d0997019,02_wardrobe_images/karen/schmuck80/schmuck80.txt || _release_staging/CapsuleWardrobeRAG/02_wardrobe_images/karen/schmuck80/schmuck80.txt,
2,845,f812f223b7f15382fed281c12a007ca4e30a6b80,.gitignore || _release_staging/CapsuleWardrobeRAG/.gitignore,.gitignore
2,836,93dcc46a10d64b55bec55622fe1c5056be853a65,02_wardrobe_images/karen/18 Tennisschuh der Firma Asics/18 Tennisschuh der Firma Asics.txt || _release_staging/CapsuleWardrobeRAG/02_wardrobe_images/karen/18 Tennisschuh der Firma Asics/18 Tennisschuh der Firma Asics.txt,
2,833,e08720abe6ffe077e1b45db45656ae92b3743c33,02_wardrobe_images/karen/schmuck76/schmuck76.txt || _release_staging/CapsuleWardrobeRAG/02_wardrobe_images/karen/schmuck76/schmuck76.txt,
2,832,76cb33d0e1ba7bd0cd4b4a2a74a86eb67d2272fa,02_wardrobe_images/karen/schmuck55/schmuck55.txt || _release_staging/CapsuleWardrobeRAG/02_wardrobe_images/karen/schmuck55/schmuck55.txt,
2,831,beb2de389e7dcb474c4f93ddc4f56276bc5d23aa,02_wardrobe_images/karen/schmuck02/schmuck02.txt || _release_staging/CapsuleWardrobeRAG/02_wardrobe_images/karen/schmuck02/schmuck02.txt,
2,826,2c432d106144dff696a1ee370e05a88b3f000349,02_wardrobe_images/karen/schmuck45/schmuck45.txt || _release_staging/CapsuleWardrobeRAG/02_wardrobe_images/karen/schmuck45/schmuck45.txt,
2,807,805ec22f7ef0cca289b58bd559cdeca67340560f,02_wardrobe_images/karen/adidas-adilette-klassisch-noppen-fussbett_34/10 klassische Adiletten in Blau.txt || _release_staging/CapsuleWardrobeRAG/02_wardrobe_images/karen/adidas-adilette-klassisch-noppen-fussbett_34/10 klassische Adiletten in Blau.txt,
2,806,1a901fe5b33c11384659788e14bc9265e9641686,.env || .env.bak,
2,789,0e0a55c6db6806802dcfd7ce89405a30932003a3,02_wardrobe_images/andreas/2025 06 Luxor Businesshemd  modern fit Global Kent Bleu/2025 06 Luxor Businesshemd  modern fit Global Kent Bleu.txt || _release_staging/CapsuleWardrobeRAG/02_wardrobe_images/andreas/2025 06 Luxor Businesshemd  modern fit Global Kent Bleu/2025 06 Luxor Businesshemd  modern fit Global Kent Bleu.txt,
2,778,8ea8eafbf5b35a76ace434f12c122c57cdf7559a,02_wardrobe_images/karen/schmuck73/schmuck73.txt || _release_staging/CapsuleWardrobeRAG/02_wardrobe_images/karen/schmuck73/schmuck73.txt,
2,778,b774b25e39269bacb223c49305156fa248c8858a,02_wardrobe_images/karen/schmuck77/schmuck77.txt || _release_staging/CapsuleWardrobeRAG/02_wardrobe_images/karen/schmuck77/schmuck77.txt,
2,775,7b7e80baf04a89192e953e1307e8dccd34dc2990,02_wardrobe_images/karen/weat-veloursleder-crossbody-tasche-mit-kettenriemen_74/Tasche02.txt || _release_staging/CapsuleWardrobeRAG/02_wardrobe_images/karen/weat-veloursleder-crossbody-tasche-mit-kettenriemen_74/Tasche02.txt,
2,770,10e54865120a38fae4bc2da2e6db1cd83cc1dfa3,02_wardrobe_images/karen/schmuck04/schmuck04.txt || _release_staging/CapsuleWardrobeRAG/02_wardrobe_images/karen/schmuck04/schmuck04.txt,
2,759,d78b498903dc96be29d4651b641ed3e133c1b064,02_wardrobe_images/karen/24 Sneaker Firma Adidas Größe US 8/24 Sneaker Firma Adidas Größe US 8.txt || _release_staging/CapsuleWardrobeRAG/02_wardrobe_images/karen/24 Sneaker Firma Adidas Größe US 8/24 Sneaker Firma Adidas Größe US 8.txt,
2,757,15766563ba9452bf286e22b5b1bb6713cf742ce1,02_wardrobe_images/karen/tasche10/tasche10.txt || _release_staging/CapsuleWardrobeRAG/02_wardrobe_images/karen/tasche10/tasche10.txt,
2,756,0153802f745a59f8caf44fd29f1505fb04aa14dd,02_wardrobe_images/karen/satin-knot-headband-mit-tulpenprint-nude_97/schmuck11.txt || _release_staging/CapsuleWardrobeRAG/02_wardrobe_images/karen/satin-knot-headband-mit-tulpenprint-nude_97/schmuck11.txt,
2,748,e569a172edd455ff2fe53036ad46b44f9bf5519d,02_wardrobe_images/karen/poncho-cape-mit-fransen_200/Poncho Cape jackenähnlich mit Fransen.txt || _release_staging/CapsuleWardrobeRAG/02_wardrobe_images/karen/poncho-cape-mit-fransen_200/Poncho Cape jackenähnlich mit Fransen.txt,
2,742,4e9a69b9093fd5b4fcc95ee2624beefe48aa5ef2,02_wardrobe_images/karen/gedrehtes-satin-headband-mit-knoten-tulpen-print-dunkelblau_96/schmuck10.txt || _release_staging/CapsuleWardrobeRAG/02_wardrobe_images/karen/gedrehtes-satin-headband-mit-knoten-tulpen-print-dunkelblau_96/schmuck10.txt,
2,742,814b1febde4a4c6774fb4de8623d0d3e65f7f343,02_wardrobe_images/karen/swarovski-grosse-u-foermige-creolen-art-d-co-baguette-schliff_151/schmuck65.txt || _release_staging/CapsuleWardrobeRAG/02_wardrobe_images/karen/swarovski-grosse-u-foermige-creolen-art-d-co-baguette-schliff_151/schmuck65.txt,
2,741,f8fddb2d67de16640c021540820faedbd504a1bf,02_wardrobe_images/karen/05 flachen Pump mit einem Keilabsatz Tamaris/05 flachen Pump mit einem Keilabsatz Tamaris.txt || _release_staging/CapsuleWardrobeRAG/02_wardrobe_images/karen/05 flachen Pump mit einem Keilabsatz Tamaris/05 flachen Pump mit einem Keilabsatz Tamaris.txt,
2,728,bfc880f3330b2dedd1caee22f13b6db049309f32,_release_staging/CapsuleWardrobeRAG/tests/test_category_map_other.py || tests/test_category_map_other.py,tests/test_category_map_other.py
2,692,199539f7115e722897c3a207bd2c522b886d9c86,02_wardrobe_images/karen/weihnachtliche-samt-schleifen-haarspange-mit-kunstfell_93/schmuck07.txt || _release_staging/CapsuleWardrobeRAG/02_wardrobe_images/karen/weihnachtliche-samt-schleifen-haarspange-mit-kunstfell_93/schmuck07.txt,
2,688,8da1152df481a9bc87a752f6c3788e3734d0472c,02_wardrobe_images/karen/gedrehtes-satin-headband-mit-flachem-knoten-animal-print_98/schmuck12.txt || _release_staging/CapsuleWardrobeRAG/02_wardrobe_images/karen/gedrehtes-satin-headband-mit-flachem-knoten-animal-print_98/schmuck12.txt,
2,675,72425c463003492a7aff2a54ecb41a7fb731f147,02_wardrobe_images/karen/set-haarklammern-3er-ros-gold-mit-perlen-monogramm-mh_94/schmuck08.txt || _release_staging/CapsuleWardrobeRAG/02_wardrobe_images/karen/set-haarklammern-3er-ros-gold-mit-perlen-monogramm-mh_94/schmuck08.txt,
2,662,7ebba765ee99a39291e1ed56f8783d377707d68d,02_wardrobe_images/karen/schmuck60/schmuck60.txt || _release_staging/CapsuleWardrobeRAG/02_wardrobe_images/karen/schmuck60/schmuck60.txt,
2,658,4daf88392cd280213125a9668c2e74659d1cc38d,02_wardrobe_images/karen/shirt-mit-spitzenborte-wollweiss-schwarz-924695/shirt-mit-spitzenborte-wollweiss-schwarz-924695.txt || _release_staging/CapsuleWardrobeRAG/02_wardrobe_images/karen/shirt-mit-spitzenborte-wollweiss-schwarz-924695/shirt-mit-spitzenborte-wollweiss-schwarz-924695.txt,
2,644,ebbd45a38d9786a0dc18a9d5fccd70a8602989f9,02_wardrobe_images/karen/schmuck21/schmuck21.txt || _release_staging/CapsuleWardrobeRAG/02_wardrobe_images/karen/schmuck21/schmuck21.txt,
2,639,4d180f39cc2871e5e37ab9fa7adb87def87b9af8,02_wardrobe_images/karen/satin-schleifenclip-half-up-in-nude-hellbeige_92/schmuck06.txt || _release_staging/CapsuleWardrobeRAG/02_wardrobe_images/karen/satin-schleifenclip-half-up-in-nude-hellbeige_92/schmuck06.txt,
2,631,f681d883f984351882eaba80d74b12e687f615b5,02_wardrobe_images/karen/gepolsterter-headband-mit-glitzer-schnalle_78/schmuck03.txt || _release_staging/CapsuleWardrobeRAG/02_wardrobe_images/karen/gepolsterter-headband-mit-glitzer-schnalle_78/schmuck03.txt,
2,625,efbe767d704dd92f293d5d49a88f81cbd93be0a5,02_wardrobe_images/karen/boucle-jacke-schwarz-928934/boucle-jacke-schwarz-928934.txt || _release_staging/CapsuleWardrobeRAG/02_wardrobe_images/karen/boucle-jacke-schwarz-928934/boucle-jacke-schwarz-928934.txt,
2,625,feb1112098761a9f6b06b1949ac2d77cfacc42e8,02_wardrobe_images/karen/schmuck57/schmuck57.txt || _release_staging/CapsuleWardrobeRAG/02_wardrobe_images/karen/schmuck57/schmuck57.txt,
2,619,a4bfc1b93267ace8f5ace04e695801fbed9833ba,02_wardrobe_images/karen/faltenrock-aus-softem-viskosemix-erdbeere-940297/faltenrock-aus-softem-viskosemix-erdbeere-940297.txt || _release_staging/CapsuleWardrobeRAG/02_wardrobe_images/karen/faltenrock-aus-softem-viskosemix-erdbeere-940297/faltenrock-aus-softem-viskosemix-erdbeere-940297.txt,
2,619,e4623a0df88ac3f2a63ba89f9abb21888bfd5f9e,02_wardrobe_images/karen/schmuck22/schmuck22.txt || _release_staging/CapsuleWardrobeRAG/02_wardrobe_images/karen/schmuck22/schmuck22.txt,
2,615,1dbdbcf67f3b5e4d57881ad203525769212d1875,02_wardrobe_images/karen/uhr02/uhr02.txt || _release_staging/CapsuleWardrobeRAG/02_wardrobe_images/karen/uhr02/uhr02.txt,
2,611,5b2e3772d7213d8b4413ef64b9fa4e9b45ca6dd0,02_wardrobe_images/karen/03 flachen Pumps mit Keilabsatz Tamaris SChwarz/flachen Pumps mit Keilabsatz Tamaris SChwarz.txt || _release_staging/CapsuleWardrobeRAG/02_wardrobe_images/karen/03 flachen Pumps mit Keilabsatz Tamaris SChwarz/flachen Pumps mit Keilabsatz Tamaris SChwarz.txt,
2,601,ed461d864f77e4d30c9ecc2aec1785503853eeb9,02_wardrobe_images/karen/schmuck87/schmuck87.txt || _release_staging/CapsuleWardrobeRAG/02_wardrobe_images/karen/schmuck87/schmuck87.txt,
2,598,24c6b2e133adc85c6b537d5c81d6c5da2ea5bc10,02_wardrobe_images/karen/schmuck25/schmuck25.txt || _release_staging/CapsuleWardrobeRAG/02_wardrobe_images/karen/schmuck25/schmuck25.txt,
2,594,fc5b99d8514bf58d1f80c4a5d32e33048422cd2a,02_wardrobe_images/karen/stricktop-schwarz-wollweiss-sonstige-952904/stricktop-schwarz-wollweiss-sonstige-952904.txt || _release_staging/CapsuleWardrobeRAG/02_wardrobe_images/karen/stricktop-schwarz-wollweiss-sonstige-952904/stricktop-schwarz-wollweiss-sonstige-952904.txt,
2,588,db6df26c8f6bdc169351a8967bce06f9446f2144,02_wardrobe_images/karen/schmuck88/schmuck88.txt || _release_staging/CapsuleWardrobeRAG/02_wardrobe_images/karen/schmuck88/schmuck88.txt,
2,583,db34d2cc17f459461f6f5b7cf82b50bb5f942e36,02_wardrobe_images/karen/schmuck29/schmuck29.txt || _release_staging/CapsuleWardrobeRAG/02_wardrobe_images/karen/schmuck29/schmuck29.txt,
2,581,2a64363517c33295a782ee64f64d99951a7e7093,02_wardrobe_images/karen/twillhose-aus-reiner-baumwolle-schwarz-948744/twillhose-aus-reiner-baumwolle-schwarz-948744.txt || _release_staging/CapsuleWardrobeRAG/02_wardrobe_images/karen/twillhose-aus-reiner-baumwolle-schwarz-948744/twillhose-aus-reiner-baumwolle-schwarz-948744.txt,
2,577,1a6913dcf352fb8c3145367ce13724ac833bced4,02_wardrobe_images/karen/02 Sandalen von der Marke Tamaris Blau/Sandalen von der Marke Tamaris Blau.txt || _release_staging/CapsuleWardrobeRAG/02_wardrobe_images/karen/02 Sandalen von der Marke Tamaris Blau/Sandalen von der Marke Tamaris Blau.txt,
2,572,3613c89901e8699b9ec18b477affaa0e526ff000,02_wardrobe_images/karen/tanktop-mit-vorderseite-aus-lammnappa-leder-schwarz-960502/tanktop-mit-vorderseite-aus-lammnappa-leder-schwarz-960502.txt || _release_staging/CapsuleWardrobeRAG/02_wardrobe_images/karen/tanktop-mit-vorderseite-aus-lammnappa-leder-schwarz-960502/tanktop-mit-vorderseite-aus-lammnappa-leder-schwarz-960502.txt,
2,557,bbeb3a38445c88a789915c170702a8869e521a0f,04_user_data/karen/profile.json || _release_staging/CapsuleWardrobeRAG/04_user_data/karen/profile.json,04_user_data/karen/profile.json
2,551,1c541bc71b74734e5d9eae39252e3ce367675c85,02_wardrobe_images/karen/schmuck85/schmuck85.txt || _release_staging/CapsuleWardrobeRAG/02_wardrobe_images/karen/schmuck85/schmuck85.txt,
2,551,fa61ab21f1d4819e1667e75091e24a11a6db2bea,02_wardrobe_images/karen/schmuck23/schmuck23.txt || _release_staging/CapsuleWardrobeRAG/02_wardrobe_images/karen/schmuck23/schmuck23.txt,
2,531,0b67d470cb364531832f67d52cbfefb89d652e71,02_wardrobe_images/karen/schmuck91/schmuck91.txt || _release_staging/CapsuleWardrobeRAG/02_wardrobe_images/karen/schmuck91/schmuck91.txt,
2,531,3beb0fa0519bbcabd838fbd3e63212b809cae38b,02_wardrobe_images/karen/roeckl-lederhandschuhe-cashmere-futter-gr-7-5_105/schmuck19.txt || _release_staging/CapsuleWardrobeRAG/02_wardrobe_images/karen/roeckl-lederhandschuhe-cashmere-futter-gr-7-5_105/schmuck19.txt,
2,531,b3e15b613ef171f54124172c6c943753e8094fbf,02_wardrobe_images/karen/schmuck13/schmuck13.txt || _release_staging/CapsuleWardrobeRAG/02_wardrobe_images/karen/schmuck13/schmuck13.txt,
2,523,e2d4d7a80a76bd2607271bc3ece62a5467c58872,02_wardrobe_images/karen/marlenehose-dunkelblau-913588/marlenehose-dunkelblau-913588.txt || _release_staging/CapsuleWardrobeRAG/02_wardrobe_images/karen/marlenehose-dunkelblau-913588/marlenehose-dunkelblau-913588.txt,
2,515,7d81943877d3a1926fba2b2708ef1c5f9e632673,02_wardrobe_images/karen/schmuck59/schmuck59.txt || _release_staging/CapsuleWardrobeRAG/02_wardrobe_images/karen/schmuck59/schmuck59.txt,
2,508,2a213a99ce1169498b1993e58fb7b5cae387f84c,02_wardrobe_images/karen/knotted-headband-aus-satiniertem-stoff-in-rosa_95/schmuck09.txt || _release_staging/CapsuleWardrobeRAG/02_wardrobe_images/karen/knotted-headband-aus-satiniertem-stoff-in-rosa_95/schmuck09.txt,
2,489,c622a96d67b5e3a841e5a3b6f2c3afd0aca5056c,_release_staging/CapsuleWardrobeRAG/tests/conftest.py || tests/conftest.py,tests/conftest.py
2,484,d6a13c3647f8f6dfd339d86cbe817b5470e96dfe,02_wardrobe_images/karen/04 flachen Pumps mit Keilabsatz Tamaris beige-nude/flachen Pumps mit Keilabsatz Tamaris beige-nude.txt || _release_staging/CapsuleWardrobeRAG/02_wardrobe_images/karen/04 flachen Pumps mit Keilabsatz Tamaris beige-nude/flachen Pumps mit Keilabsatz Tamaris beige-nude.txt,
2,477,3af537c81192d30f3c87387bffcf0aea67cb465d,02_wardrobe_images/karen/schmuck20/schmuck20.txt || _release_staging/CapsuleWardrobeRAG/02_wardrobe_images/karen/schmuck20/schmuck20.txt,
2,477,a00620c9c3e7ed86d35cd870bcc1d3aeab5be496,_release_staging/CapsuleWardrobeRAG/tests/test_ontology_includes_ui_categories.py || tests/test_ontology_includes_ui_categories.py,tests/test_ontology_includes_ui_categories.py
2,470,2d9dc1c1c0402191baa8a58cded615066aca3738,02_wardrobe_images/karen/schmuck61/schmuck61.txt || _release_staging/CapsuleWardrobeRAG/02_wardrobe_images/karen/schmuck61/schmuck61.txt,
2,467,8223283bfe5f76bd3d08231d63d3184b8df8f52c,02_wardrobe_images/karen/schmuck26/schmuck26.txt || _release_staging/CapsuleWardrobeRAG/02_wardrobe_images/karen/schmuck26/schmuck26.txt,
2,461,2523cabd2d9fa4c6f372dc22cb5fc05decf70c5e,04_user_data/andreas/profile.json || _release_staging/CapsuleWardrobeRAG/04_user_data/andreas/profile.json,04_user_data/andreas/profile.json
2,456,63cbcd9161fc861ac69b238189086d5c3dfb9d04,02_wardrobe_images/karen/oversize-shirt-aus-softem-viskose-mix-weiss-923233/oversize-shirt-aus-softem-viskose-mix-weiss-923233.txt || _release_staging/CapsuleWardrobeRAG/02_wardrobe_images/karen/oversize-shirt-aus-softem-viskose-mix-weiss-923233/oversize-shirt-aus-softem-viskose-mix-weiss-923233.txt,
2,456,97500af3ef298076a5edd0458c4a64eeef6a92ac,02_wardrobe_images/karen/schmuck27/schmuck27.txt || _release_staging/CapsuleWardrobeRAG/02_wardrobe_images/karen/schmuck27/schmuck27.txt,
2,449,78f53620cfde9fd97ea3235958262e510aaa3405,02_wardrobe_images/karen/schmuck14/schmuck14.txt || _release_staging/CapsuleWardrobeRAG/02_wardrobe_images/karen/schmuck14/schmuck14.txt,
2,441,a21b846c7958b52f0b745c8bed20bc1930f26d4b,02_wardrobe_images/karen/01 Sandalen von der Marke Tamaris Rot/Sandalen von der Marke Tamaris.txt || _release_staging/CapsuleWardrobeRAG/02_wardrobe_images/karen/01 Sandalen von der Marke Tamaris Rot/Sandalen von der Marke Tamaris.txt,
2,434,ffa7b55f9fde2e20f3801a2ca95f50c5c7e04b52,_release_staging/CapsuleWardrobeRAG/tools/hooks/pre-commit.sample || tools/hooks/pre-commit.sample,tools/hooks/pre-commit.sample
2,423,8c30f519edb919914d7d753f2984f59166f14ccb,02_wardrobe_images/karen/schmuck16/schmuck16.txt || _release_staging/CapsuleWardrobeRAG/02_wardrobe_images/karen/schmuck16/schmuck16.txt,
2,404,a7d3451174562649854d0e5157ec6c67731737cf,02_wardrobe_images/karen/schmuck17/schmuck17.txt || _release_staging/CapsuleWardrobeRAG/02_wardrobe_images/karen/schmuck17/schmuck17.txt,
2,383,8af1312cb8d1b1de001147307e25d5ff67d4c24a,02_wardrobe_images/karen/schmuck15/schmuck15.txt || _release_staging/CapsuleWardrobeRAG/02_wardrobe_images/karen/schmuck15/schmuck15.txt,
2,342,a790adbd8358ac9d05b67f2485720c4b7fd3a6aa,02_wardrobe_images/karen/Kleid Polka Dots/Kleid Polka Dots.txt || _release_staging/CapsuleWardrobeRAG/02_wardrobe_images/karen/Kleid Polka Dots/Kleid Polka Dots.txt,
2,269,886fcbb8cded0e834f03e4609b488722e0243812,_release_staging/CapsuleWardrobeRAG/ontology/ontology_overrides.yaml || ontology/ontology_overrides.yaml,ontology/ontology_overrides.yaml
2,208,32c7874d0244d5c4cfb954ed2ab5b71a4dfb132b,_release_staging/CapsuleWardrobeRAG/pytest.ini || pytest.ini,pytest.ini
2,85,e8880eac4d65955fb90f9b28c52c838f2ed474de,02_wardrobe_images/karen/Tanktop mit Vorderseite aus Lammnappa-Le - 976636/Tanktop mit Vorderseite aus Lammnappa-Le - 976636.txt || _release_staging/CapsuleWardrobeRAG/02_wardrobe_images/karen/Tanktop mit Vorderseite aus Lammnappa-Le - 976636/Tanktop mit Vorderseite aus Lammnappa-Le - 976636.txt,
2,75,4f72544c93290f3c6a3bc43a11f086d40c5ad135,02_wardrobe_images/karen/Kurzblazer mit Schmuckknöpfen - 951875/Kurzblazer mit Schmuckknöpfen - 951875.txt || _release_staging/CapsuleWardrobeRAG/02_wardrobe_images/karen/Kurzblazer mit Schmuckknöpfen - 951875/Kurzblazer mit Schmuckknöpfen - 951875.txt,
2,68,57a4c39c457393ca1ee7c78e3d0b2467fa71c5ea,02_wardrobe_images/karen/Lederrock aus Lammnappa - 908193/Lederrock aus Lammnappa - 908193.txt || _release_staging/CapsuleWardrobeRAG/02_wardrobe_images/karen/Lederrock aus Lammnappa - 908193/Lederrock aus Lammnappa - 908193.txt,
2,68,dd2a7812b178e7e4c5f1ab10a70c467c7403c209,02_wardrobe_images/karen/Lederrock aus Lammnappa - 919772/Lederrock aus Lammnappa - 919772.txt || _release_staging/CapsuleWardrobeRAG/02_wardrobe_images/karen/Lederrock aus Lammnappa - 919772/Lederrock aus Lammnappa - 919772.txt,
2,20,a5e7d3cdf29995f553221dbfae4527b3482b0980,logs/server.err_20260215-113152.log || logs/server.err_20260215-120835.log,
